2026-05-15 11:23:44 [[31merror[39m]: MongoDB connection error: querySrv ENODATA _mongodb._tcp.cluster0.xxxxx.mongodb.net
2026-05-15 11:32:03 [[31merror[39m]: MongoDB connection error: querySrv ENODATA _mongodb._tcp.cluster0.xxxxx.mongodb.net
2026-05-15 11:33:34 [[31merror[39m]: MongoDB connection error: querySrv ENODATA _mongodb._tcp.cluster0.xxxxx.mongodb.net
2026-05-15 11:39:15 [[31merror[39m]: MongoDB connection error: querySrv ENODATA _mongodb._tcp.cluster0.xxxxx.mongodb.net
2026-05-15 11:44:26 [[32minfo[39m]: MongoDB connected: ac-txgfmyu-shard-00-00.4bjwysu.mongodb.net
2026-05-15 11:44:26 [[32minfo[39m]: Server running in development mode on port 5000
2026-05-16 13:19:40 [[32minfo[39m]: MongoDB connected: ac-txgfmyu-shard-00-00.4bjwysu.mongodb.net
2026-05-16 13:19:40 [[32minfo[39m]: Server running in development mode on port 5000
2026-05-16 13:44:51 [[31merror[39m]: Cast to ObjectId failed for value "low-stock" (type string) at path "_id" for model "ProductVariant" Cast to ObjectId failed for value "low-stock" (type string) at path "_id" for model "ProductVariant"
CastError: Cast to ObjectId failed for value "low-stock" (type string) at path "_id" for model "ProductVariant"
    at SchemaObjectId.cast (D:\construction-backend-V-1\construction-backend-updated\node_modules\mongoose\lib\schema\objectId.js:253:11)
    at SchemaType.applySetters (D:\construction-backend-V-1\construction-backend-updated\node_modules\mongoose\lib\schemaType.js:1288:12)
    at SchemaType.castForQuery (D:\construction-backend-V-1\construction-backend-updated\node_modules\mongoose\lib\schemaType.js:1718:17)
    at cast (D:\construction-backend-V-1\construction-backend-updated\node_modules\mongoose\lib\cast.js:390:32)
    at Query.cast (D:\construction-backend-V-1\construction-backend-updated\node_modules\mongoose\lib\query.js:5060:12)
    at Query._castConditions (D:\construction-backend-V-1\construction-backend-updated\node_modules\mongoose\lib\query.js:2374:10)
    at model.Query._findOne (D:\construction-backend-V-1\construction-backend-updated\node_modules\mongoose\lib\query.js:2697:8)
    at model.Query.exec (D:\construction-backend-V-1\construction-backend-updated\node_modules\mongoose\lib\query.js:4627:80)
    at process.processTicksAndRejections (node:internal/process/task_queues:105:5)
    at async getVariantById (file:///D:/construction-backend-V-1/construction-backend-updated/src/controllers/variant.controller.js:30:21)
2026-05-16 13:44:51 [[31merror[39m]: Cast to ObjectId failed for value "low-stock" (type string) at path "_id" for model "ProductVariant" Cast to ObjectId failed for value "low-stock" (type string) at path "_id" for model "ProductVariant"
CastError: Cast to ObjectId failed for value "low-stock" (type string) at path "_id" for model "ProductVariant"
    at SchemaObjectId.cast (D:\construction-backend-V-1\construction-backend-updated\node_modules\mongoose\lib\schema\objectId.js:253:11)
    at SchemaType.applySetters (D:\construction-backend-V-1\construction-backend-updated\node_modules\mongoose\lib\schemaType.js:1288:12)
    at SchemaType.castForQuery (D:\construction-backend-V-1\construction-backend-updated\node_modules\mongoose\lib\schemaType.js:1718:17)
    at cast (D:\construction-backend-V-1\construction-backend-updated\node_modules\mongoose\lib\cast.js:390:32)
    at Query.cast (D:\construction-backend-V-1\construction-backend-updated\node_modules\mongoose\lib\query.js:5060:12)
    at Query._castConditions (D:\construction-backend-V-1\construction-backend-updated\node_modules\mongoose\lib\query.js:2374:10)
    at model.Query._findOne (D:\construction-backend-V-1\construction-backend-updated\node_modules\mongoose\lib\query.js:2697:8)
    at model.Query.exec (D:\construction-backend-V-1\construction-backend-updated\node_modules\mongoose\lib\query.js:4627:80)
    at process.processTicksAndRejections (node:internal/process/task_queues:105:5)
    at async getVariantById (file:///D:/construction-backend-V-1/construction-backend-updated/src/controllers/variant.controller.js:30:21)
2026-05-16 13:45:44 [[31merror[39m]: Cast to ObjectId failed for value "low-stock" (type string) at path "_id" for model "ProductVariant" Cast to ObjectId failed for value "low-stock" (type string) at path "_id" for model "ProductVariant"
CastError: Cast to ObjectId failed for value "low-stock" (type string) at path "_id" for model "ProductVariant"
    at SchemaObjectId.cast (D:\construction-backend-V-1\construction-backend-updated\node_modules\mongoose\lib\schema\objectId.js:253:11)
    at SchemaType.applySetters (D:\construction-backend-V-1\construction-backend-updated\node_modules\mongoose\lib\schemaType.js:1288:12)
    at SchemaType.castForQuery (D:\construction-backend-V-1\construction-backend-updated\node_modules\mongoose\lib\schemaType.js:1718:17)
    at cast (D:\construction-backend-V-1\construction-backend-updated\node_modules\mongoose\lib\cast.js:390:32)
    at Query.cast (D:\construction-backend-V-1\construction-backend-updated\node_modules\mongoose\lib\query.js:5060:12)
    at Query._castConditions (D:\construction-backend-V-1\construction-backend-updated\node_modules\mongoose\lib\query.js:2374:10)
    at model.Query._findOne (D:\construction-backend-V-1\construction-backend-updated\node_modules\mongoose\lib\query.js:2697:8)
    at model.Query.exec (D:\construction-backend-V-1\construction-backend-updated\node_modules\mongoose\lib\query.js:4627:80)
    at process.processTicksAndRejections (node:internal/process/task_queues:105:5)
    at async getVariantById (file:///D:/construction-backend-V-1/construction-backend-updated/src/controllers/variant.controller.js:30:21)
2026-05-16 13:45:44 [[31merror[39m]: Cast to ObjectId failed for value "low-stock" (type string) at path "_id" for model "ProductVariant" Cast to ObjectId failed for value "low-stock" (type string) at path "_id" for model "ProductVariant"
CastError: Cast to ObjectId failed for value "low-stock" (type string) at path "_id" for model "ProductVariant"
    at SchemaObjectId.cast (D:\construction-backend-V-1\construction-backend-updated\node_modules\mongoose\lib\schema\objectId.js:253:11)
    at SchemaType.applySetters (D:\construction-backend-V-1\construction-backend-updated\node_modules\mongoose\lib\schemaType.js:1288:12)
    at SchemaType.castForQuery (D:\construction-backend-V-1\construction-backend-updated\node_modules\mongoose\lib\schemaType.js:1718:17)
    at cast (D:\construction-backend-V-1\construction-backend-updated\node_modules\mongoose\lib\cast.js:390:32)
    at Query.cast (D:\construction-backend-V-1\construction-backend-updated\node_modules\mongoose\lib\query.js:5060:12)
    at Query._castConditions (D:\construction-backend-V-1\construction-backend-updated\node_modules\mongoose\lib\query.js:2374:10)
    at model.Query._findOne (D:\construction-backend-V-1\construction-backend-updated\node_modules\mongoose\lib\query.js:2697:8)
    at model.Query.exec (D:\construction-backend-V-1\construction-backend-updated\node_modules\mongoose\lib\query.js:4627:80)
    at process.processTicksAndRejections (node:internal/process/task_queues:105:5)
    at async getVariantById (file:///D:/construction-backend-V-1/construction-backend-updated/src/controllers/variant.controller.js:30:21)
2026-05-16 13:45:56 [[31merror[39m]: Cast to ObjectId failed for value "low-stock" (type string) at path "_id" for model "ProductVariant" Cast to ObjectId failed for value "low-stock" (type string) at path "_id" for model "ProductVariant"
CastError: Cast to ObjectId failed for value "low-stock" (type string) at path "_id" for model "ProductVariant"
    at SchemaObjectId.cast (D:\construction-backend-V-1\construction-backend-updated\node_modules\mongoose\lib\schema\objectId.js:253:11)
    at SchemaType.applySetters (D:\construction-backend-V-1\construction-backend-updated\node_modules\mongoose\lib\schemaType.js:1288:12)
    at SchemaType.castForQuery (D:\construction-backend-V-1\construction-backend-updated\node_modules\mongoose\lib\schemaType.js:1718:17)
    at cast (D:\construction-backend-V-1\construction-backend-updated\node_modules\mongoose\lib\cast.js:390:32)
    at Query.cast (D:\construction-backend-V-1\construction-backend-updated\node_modules\mongoose\lib\query.js:5060:12)
    at Query._castConditions (D:\construction-backend-V-1\construction-backend-updated\node_modules\mongoose\lib\query.js:2374:10)
    at model.Query._findOne (D:\construction-backend-V-1\construction-backend-updated\node_modules\mongoose\lib\query.js:2697:8)
    at model.Query.exec (D:\construction-backend-V-1\construction-backend-updated\node_modules\mongoose\lib\query.js:4627:80)
    at process.processTicksAndRejections (node:internal/process/task_queues:105:5)
    at async getVariantById (file:///D:/construction-backend-V-1/construction-backend-updated/src/controllers/variant.controller.js:30:21)
2026-05-16 13:45:56 [[31merror[39m]: Cast to ObjectId failed for value "low-stock" (type string) at path "_id" for model "ProductVariant" Cast to ObjectId failed for value "low-stock" (type string) at path "_id" for model "ProductVariant"
CastError: Cast to ObjectId failed for value "low-stock" (type string) at path "_id" for model "ProductVariant"
    at SchemaObjectId.cast (D:\construction-backend-V-1\construction-backend-updated\node_modules\mongoose\lib\schema\objectId.js:253:11)
    at SchemaType.applySetters (D:\construction-backend-V-1\construction-backend-updated\node_modules\mongoose\lib\schemaType.js:1288:12)
    at SchemaType.castForQuery (D:\construction-backend-V-1\construction-backend-updated\node_modules\mongoose\lib\schemaType.js:1718:17)
    at cast (D:\construction-backend-V-1\construction-backend-updated\node_modules\mongoose\lib\cast.js:390:32)
    at Query.cast (D:\construction-backend-V-1\construction-backend-updated\node_modules\mongoose\lib\query.js:5060:12)
    at Query._castConditions (D:\construction-backend-V-1\construction-backend-updated\node_modules\mongoose\lib\query.js:2374:10)
    at model.Query._findOne (D:\construction-backend-V-1\construction-backend-updated\node_modules\mongoose\lib\query.js:2697:8)
    at model.Query.exec (D:\construction-backend-V-1\construction-backend-updated\node_modules\mongoose\lib\query.js:4627:80)
    at process.processTicksAndRejections (node:internal/process/task_queues:105:5)
    at async getVariantById (file:///D:/construction-backend-V-1/construction-backend-updated/src/controllers/variant.controller.js:30:21)
2026-05-16 14:22:49 [[31merror[39m]: Cast to ObjectId failed for value "low-stock" (type string) at path "_id" for model "ProductVariant" Cast to ObjectId failed for value "low-stock" (type string) at path "_id" for model "ProductVariant"
CastError: Cast to ObjectId failed for value "low-stock" (type string) at path "_id" for model "ProductVariant"
    at SchemaObjectId.cast (D:\construction-backend-V-1\construction-backend-updated\node_modules\mongoose\lib\schema\objectId.js:253:11)
    at SchemaType.applySetters (D:\construction-backend-V-1\construction-backend-updated\node_modules\mongoose\lib\schemaType.js:1288:12)
    at SchemaType.castForQuery (D:\construction-backend-V-1\construction-backend-updated\node_modules\mongoose\lib\schemaType.js:1718:17)
    at cast (D:\construction-backend-V-1\construction-backend-updated\node_modules\mongoose\lib\cast.js:390:32)
    at Query.cast (D:\construction-backend-V-1\construction-backend-updated\node_modules\mongoose\lib\query.js:5060:12)
    at Query._castConditions (D:\construction-backend-V-1\construction-backend-updated\node_modules\mongoose\lib\query.js:2374:10)
    at model.Query._findOne (D:\construction-backend-V-1\construction-backend-updated\node_modules\mongoose\lib\query.js:2697:8)
    at model.Query.exec (D:\construction-backend-V-1\construction-backend-updated\node_modules\mongoose\lib\query.js:4627:80)
    at process.processTicksAndRejections (node:internal/process/task_queues:105:5)
    at async getVariantById (file:///D:/construction-backend-V-1/construction-backend-updated/src/controllers/variant.controller.js:30:21)
2026-05-16 14:22:50 [[31merror[39m]: Cast to ObjectId failed for value "low-stock" (type string) at path "_id" for model "ProductVariant" Cast to ObjectId failed for value "low-stock" (type string) at path "_id" for model "ProductVariant"
CastError: Cast to ObjectId failed for value "low-stock" (type string) at path "_id" for model "ProductVariant"
    at SchemaObjectId.cast (D:\construction-backend-V-1\construction-backend-updated\node_modules\mongoose\lib\schema\objectId.js:253:11)
    at SchemaType.applySetters (D:\construction-backend-V-1\construction-backend-updated\node_modules\mongoose\lib\schemaType.js:1288:12)
    at SchemaType.castForQuery (D:\construction-backend-V-1\construction-backend-updated\node_modules\mongoose\lib\schemaType.js:1718:17)
    at cast (D:\construction-backend-V-1\construction-backend-updated\node_modules\mongoose\lib\cast.js:390:32)
    at Query.cast (D:\construction-backend-V-1\construction-backend-updated\node_modules\mongoose\lib\query.js:5060:12)
    at Query._castConditions (D:\construction-backend-V-1\construction-backend-updated\node_modules\mongoose\lib\query.js:2374:10)
    at model.Query._findOne (D:\construction-backend-V-1\construction-backend-updated\node_modules\mongoose\lib\query.js:2697:8)
    at model.Query.exec (D:\construction-backend-V-1\construction-backend-updated\node_modules\mongoose\lib\query.js:4627:80)
    at process.processTicksAndRejections (node:internal/process/task_queues:105:5)
    at async getVariantById (file:///D:/construction-backend-V-1/construction-backend-updated/src/controllers/variant.controller.js:30:21)
2026-05-16 15:01:04 [[32minfo[39m]: MongoDB connected: ac-txgfmyu-shard-00-02.4bjwysu.mongodb.net
2026-05-16 15:01:04 [[32minfo[39m]: Server running in development mode on port 5000
2026-05-16 15:50:45 [[31merror[39m]: Product validation failed: locationId: Cast to ObjectId failed for value "" (type string) at path "locationId" because of "BSONError" Product validation failed: locationId: Cast to ObjectId failed for value "" (type string) at path "locationId" because of "BSONError"
ValidationError: Product validation failed: locationId: Cast to ObjectId failed for value "" (type string) at path "locationId" because of "BSONError"
    at Document.invalidate (D:\construction-backend-V-1\construction-backend-updated\node_modules\mongoose\lib\document.js:3381:32)
    at model.$set (D:\construction-backend-V-1\construction-backend-updated\node_modules\mongoose\lib\document.js:1498:12)
    at model.$set (D:\construction-backend-V-1\construction-backend-updated\node_modules\mongoose\lib\document.js:1150:16)
    at model.Document (D:\construction-backend-V-1\construction-backend-updated\node_modules\mongoose\lib\document.js:180:12)
    at model.Model (D:\construction-backend-V-1\construction-backend-updated\node_modules\mongoose\lib\model.js:127:12)
    at new model (D:\construction-backend-V-1\construction-backend-updated\node_modules\mongoose\lib\model.js:4866:15)
    at D:\construction-backend-V-1\construction-backend-updated\node_modules\mongoose\lib\model.js:2791:20
    at Array.map (<anonymous>)
    at Function.create (D:\construction-backend-V-1\construction-backend-updated\node_modules\mongoose\lib\model.js:2779:34)
    at createProduct (file:///D:/construction-backend-V-1/construction-backend-updated/src/controllers/product.controller.js:9:35)
2026-05-16 15:50:56 [[31merror[39m]: Product validation failed: locationId: Cast to ObjectId failed for value "" (type string) at path "locationId" because of "BSONError" Product validation failed: locationId: Cast to ObjectId failed for value "" (type string) at path "locationId" because of "BSONError"
ValidationError: Product validation failed: locationId: Cast to ObjectId failed for value "" (type string) at path "locationId" because of "BSONError"
    at Document.invalidate (D:\construction-backend-V-1\construction-backend-updated\node_modules\mongoose\lib\document.js:3381:32)
    at model.$set (D:\construction-backend-V-1\construction-backend-updated\node_modules\mongoose\lib\document.js:1498:12)
    at model.$set (D:\construction-backend-V-1\construction-backend-updated\node_modules\mongoose\lib\document.js:1150:16)
    at model.Document (D:\construction-backend-V-1\construction-backend-updated\node_modules\mongoose\lib\document.js:180:12)
    at model.Model (D:\construction-backend-V-1\construction-backend-updated\node_modules\mongoose\lib\model.js:127:12)
    at new model (D:\construction-backend-V-1\construction-backend-updated\node_modules\mongoose\lib\model.js:4866:15)
    at D:\construction-backend-V-1\construction-backend-updated\node_modules\mongoose\lib\model.js:2791:20
    at Array.map (<anonymous>)
    at Function.create (D:\construction-backend-V-1\construction-backend-updated\node_modules\mongoose\lib\model.js:2779:34)
    at createProduct (file:///D:/construction-backend-V-1/construction-backend-updated/src/controllers/product.controller.js:9:35)
2026-05-16 21:43:30 [[31merror[39m]: ProductVariant validation failed: unitTypeId: Cast to ObjectId failed for value "" (type string) at path "unitTypeId" because of "BSONError" ProductVariant validation failed: unitTypeId: Cast to ObjectId failed for value "" (type string) at path "unitTypeId" because of "BSONError"
ValidationError: ProductVariant validation failed: unitTypeId: Cast to ObjectId failed for value "" (type string) at path "unitTypeId" because of "BSONError"
    at Document.invalidate (D:\construction-backend-V-1\construction-backend-updated\node_modules\mongoose\lib\document.js:3381:32)
    at model.$set (D:\construction-backend-V-1\construction-backend-updated\node_modules\mongoose\lib\document.js:1498:12)
    at model.$set (D:\construction-backend-V-1\construction-backend-updated\node_modules\mongoose\lib\document.js:1150:16)
    at model.Document (D:\construction-backend-V-1\construction-backend-updated\node_modules\mongoose\lib\document.js:180:12)
    at model.Model (D:\construction-backend-V-1\construction-backend-updated\node_modules\mongoose\lib\model.js:127:12)
    at new model (D:\construction-backend-V-1\construction-backend-updated\node_modules\mongoose\lib\model.js:4866:15)
    at D:\construction-backend-V-1\construction-backend-updated\node_modules\mongoose\lib\model.js:2791:20
    at Array.map (<anonymous>)
    at Function.create (D:\construction-backend-V-1\construction-backend-updated\node_modules\mongoose\lib\model.js:2779:34)
    at createVariant (file:///D:/construction-backend-V-1/construction-backend-updated/src/controllers/variant.controller.js:14:42)
2026-05-22 06:25:52 [[32minfo[39m]: MongoDB connected: ac-txgfmyu-shard-00-02.4bjwysu.mongodb.net
2026-05-22 06:25:52 [[32minfo[39m]: Server running in development mode on port 5000
2026-05-22 09:00:17 [[31merror[39m]: MongoDB connection error: querySrv ECONNREFUSED _mongodb._tcp.cluster0.4bjwysu.mongodb.net
2026-05-22 09:00:41 [[32minfo[39m]: MongoDB connected: ac-txgfmyu-shard-00-00.4bjwysu.mongodb.net
2026-05-22 09:00:41 [[32minfo[39m]: Server running in development mode on port 5000
2026-05-22 09:53:46 [[32minfo[39m]: MongoDB connected: ac-txgfmyu-shard-00-01.4bjwysu.mongodb.net
2026-05-22 09:53:46 [[32minfo[39m]: Server running in development mode on port 5000
2026-05-22 10:05:00 [[32minfo[39m]: MongoDB connected: ac-txgfmyu-shard-00-00.4bjwysu.mongodb.net
2026-05-22 10:05:00 [[32minfo[39m]: Server running in development mode on port 5000
2026-05-23 13:32:46 [[32minfo[39m]: MongoDB connected: ac-txgfmyu-shard-00-01.4bjwysu.mongodb.net
2026-05-23 13:32:46 [[32minfo[39m]: Server running in development mode on port 5000
2026-05-24 10:00:09 [[32minfo[39m]: MongoDB connected: ac-txgfmyu-shard-00-01.4bjwysu.mongodb.net
2026-05-24 10:00:10 [[32minfo[39m]: Server running in development mode on port 5000
2026-05-24 10:36:13 [[31merror[39m]: connection <monitor> to 159.143.85.37:27017 closed connection <monitor> to 159.143.85.37:27017 closed
MongoServerSelectionError: connection <monitor> to 159.143.85.37:27017 closed
    at Topology.selectServer (D:\construction-backend-V-1\construction-backend-updated\node_modules\mongodb\lib\sdam\topology.js:327:38)
    at async tryOperation (D:\construction-backend-V-1\construction-backend-updated\node_modules\mongodb\lib\operations\execute_operation.js:196:22)
    at async executeOperation (D:\construction-backend-V-1\construction-backend-updated\node_modules\mongodb\lib\operations\execute_operation.js:78:16)
    at async FindCursor._initialize (D:\construction-backend-V-1\construction-backend-updated\node_modules\mongodb\lib\cursor\find_cursor.js:62:26)
    at async FindCursor.cursorInit (D:\construction-backend-V-1\construction-backend-updated\node_modules\mongodb\lib\cursor\abstract_cursor.js:632:27)
    at async FindCursor.fetchBatch (D:\construction-backend-V-1\construction-backend-updated\node_modules\mongodb\lib\cursor\abstract_cursor.js:666:13)
    at async FindCursor.next (D:\construction-backend-V-1\construction-backend-updated\node_modules\mongodb\lib\cursor\abstract_cursor.js:342:17)
    at async Collection.findOne (D:\construction-backend-V-1\construction-backend-updated\node_modules\mongodb\lib\collection.js:313:24)
    at async model.Query._findOne (D:\construction-backend-V-1\construction-backend-updated\node_modules\mongoose\lib\query.js:2710:15)
    at async model.Query.exec (D:\construction-backend-V-1\construction-backend-updated\node_modules\mongoose\lib\query.js:4627:63)
2026-05-24 10:36:29 [[31merror[39m]: read ECONNRESET read ECONNRESET
MongoServerSelectionError: read ECONNRESET
    at Topology.selectServer (D:\construction-backend-V-1\construction-backend-updated\node_modules\mongodb\lib\sdam\topology.js:327:38)
    at async tryOperation (D:\construction-backend-V-1\construction-backend-updated\node_modules\mongodb\lib\operations\execute_operation.js:148:18)
    at async executeOperation (D:\construction-backend-V-1\construction-backend-updated\node_modules\mongodb\lib\operations\execute_operation.js:78:16)
    at async FindCursor._initialize (D:\construction-backend-V-1\construction-backend-updated\node_modules\mongodb\lib\cursor\find_cursor.js:62:26)
    at async FindCursor.cursorInit (D:\construction-backend-V-1\construction-backend-updated\node_modules\mongodb\lib\cursor\abstract_cursor.js:632:27)
    at async FindCursor.fetchBatch (D:\construction-backend-V-1\construction-backend-updated\node_modules\mongodb\lib\cursor\abstract_cursor.js:666:13)
    at async FindCursor.next (D:\construction-backend-V-1\construction-backend-updated\node_modules\mongodb\lib\cursor\abstract_cursor.js:342:17)
    at async Collection.findOne (D:\construction-backend-V-1\construction-backend-updated\node_modules\mongodb\lib\collection.js:313:24)
    at async model.Query._findOne (D:\construction-backend-V-1\construction-backend-updated\node_modules\mongoose\lib\query.js:2710:15)
    at async model.Query.exec (D:\construction-backend-V-1\construction-backend-updated\node_modules\mongoose\lib\query.js:4627:63)
2026-05-24 10:36:38 [[31merror[39m]: read ECONNRESET read ECONNRESET
MongoServerSelectionError: read ECONNRESET
    at Topology.selectServer (D:\construction-backend-V-1\construction-backend-updated\node_modules\mongodb\lib\sdam\topology.js:327:38)
    at async tryOperation (D:\construction-backend-V-1\construction-backend-updated\node_modules\mongodb\lib\operations\execute_operation.js:148:18)
    at async executeOperation (D:\construction-backend-V-1\construction-backend-updated\node_modules\mongodb\lib\operations\execute_operation.js:78:16)
    at async FindCursor._initialize (D:\construction-backend-V-1\construction-backend-updated\node_modules\mongodb\lib\cursor\find_cursor.js:62:26)
    at async FindCursor.cursorInit (D:\construction-backend-V-1\construction-backend-updated\node_modules\mongodb\lib\cursor\abstract_cursor.js:632:27)
    at async FindCursor.fetchBatch (D:\construction-backend-V-1\construction-backend-updated\node_modules\mongodb\lib\cursor\abstract_cursor.js:666:13)
    at async FindCursor.next (D:\construction-backend-V-1\construction-backend-updated\node_modules\mongodb\lib\cursor\abstract_cursor.js:342:17)
    at async Collection.findOne (D:\construction-backend-V-1\construction-backend-updated\node_modules\mongodb\lib\collection.js:313:24)
    at async model.Query._findOne (D:\construction-backend-V-1\construction-backend-updated\node_modules\mongoose\lib\query.js:2710:15)
    at async model.Query.exec (D:\construction-backend-V-1\construction-backend-updated\node_modules\mongoose\lib\query.js:4627:63)
2026-05-24 10:36:38 [[31merror[39m]: read ECONNRESET read ECONNRESET
MongoServerSelectionError: read ECONNRESET
    at Topology.selectServer (D:\construction-backend-V-1\construction-backend-updated\node_modules\mongodb\lib\sdam\topology.js:327:38)
    at async tryOperation (D:\construction-backend-V-1\construction-backend-updated\node_modules\mongodb\lib\operations\execute_operation.js:148:18)
    at async executeOperation (D:\construction-backend-V-1\construction-backend-updated\node_modules\mongodb\lib\operations\execute_operation.js:78:16)
    at async FindCursor._initialize (D:\construction-backend-V-1\construction-backend-updated\node_modules\mongodb\lib\cursor\find_cursor.js:62:26)
    at async FindCursor.cursorInit (D:\construction-backend-V-1\construction-backend-updated\node_modules\mongodb\lib\cursor\abstract_cursor.js:632:27)
    at async FindCursor.fetchBatch (D:\construction-backend-V-1\construction-backend-updated\node_modules\mongodb\lib\cursor\abstract_cursor.js:666:13)
    at async FindCursor.next (D:\construction-backend-V-1\construction-backend-updated\node_modules\mongodb\lib\cursor\abstract_cursor.js:342:17)
    at async Collection.findOne (D:\construction-backend-V-1\construction-backend-updated\node_modules\mongodb\lib\collection.js:313:24)
    at async model.Query._findOne (D:\construction-backend-V-1\construction-backend-updated\node_modules\mongoose\lib\query.js:2710:15)
    at async model.Query.exec (D:\construction-backend-V-1\construction-backend-updated\node_modules\mongoose\lib\query.js:4627:63)
2026-05-24 10:36:39 [[31merror[39m]: read ECONNRESET read ECONNRESET
MongoServerSelectionError: read ECONNRESET
    at Topology.selectServer (D:\construction-backend-V-1\construction-backend-updated\node_modules\mongodb\lib\sdam\topology.js:327:38)
    at runNextTicks (node:internal/process/task_queues:65:5)
    at listOnTimeout (node:internal/timers:555:9)
    at process.processTimers (node:internal/timers:529:7)
    at async tryOperation (D:\construction-backend-V-1\construction-backend-updated\node_modules\mongodb\lib\operations\execute_operation.js:148:18)
    at async executeOperation (D:\construction-backend-V-1\construction-backend-updated\node_modules\mongodb\lib\operations\execute_operation.js:78:16)
    at async FindCursor._initialize (D:\construction-backend-V-1\construction-backend-updated\node_modules\mongodb\lib\cursor\find_cursor.js:62:26)
    at async FindCursor.cursorInit (D:\construction-backend-V-1\construction-backend-updated\node_modules\mongodb\lib\cursor\abstract_cursor.js:632:27)
    at async FindCursor.fetchBatch (D:\construction-backend-V-1\construction-backend-updated\node_modules\mongodb\lib\cursor\abstract_cursor.js:666:13)
    at async FindCursor.next (D:\construction-backend-V-1\construction-backend-updated\node_modules\mongodb\lib\cursor\abstract_cursor.js:342:17)
2026-05-24 10:36:39 [[31merror[39m]: read ECONNRESET read ECONNRESET
MongoServerSelectionError: read ECONNRESET
    at Topology.selectServer (D:\construction-backend-V-1\construction-backend-updated\node_modules\mongodb\lib\sdam\topology.js:327:38)
    at async tryOperation (D:\construction-backend-V-1\construction-backend-updated\node_modules\mongodb\lib\operations\execute_operation.js:148:18)
    at async executeOperation (D:\construction-backend-V-1\construction-backend-updated\node_modules\mongodb\lib\operations\execute_operation.js:78:16)
    at async FindCursor._initialize (D:\construction-backend-V-1\construction-backend-updated\node_modules\mongodb\lib\cursor\find_cursor.js:62:26)
    at async FindCursor.cursorInit (D:\construction-backend-V-1\construction-backend-updated\node_modules\mongodb\lib\cursor\abstract_cursor.js:632:27)
    at async FindCursor.fetchBatch (D:\construction-backend-V-1\construction-backend-updated\node_modules\mongodb\lib\cursor\abstract_cursor.js:666:13)
    at async FindCursor.next (D:\construction-backend-V-1\construction-backend-updated\node_modules\mongodb\lib\cursor\abstract_cursor.js:342:17)
    at async Collection.findOne (D:\construction-backend-V-1\construction-backend-updated\node_modules\mongodb\lib\collection.js:313:24)
    at async model.Query._findOne (D:\construction-backend-V-1\construction-backend-updated\node_modules\mongoose\lib\query.js:2710:15)
    at async model.Query.exec (D:\construction-backend-V-1\construction-backend-updated\node_modules\mongoose\lib\query.js:4627:63)
2026-05-24 10:36:39 [[31merror[39m]: read ECONNRESET read ECONNRESET
MongoServerSelectionError: read ECONNRESET
    at Topology.selectServer (D:\construction-backend-V-1\construction-backend-updated\node_modules\mongodb\lib\sdam\topology.js:327:38)
    at async tryOperation (D:\construction-backend-V-1\construction-backend-updated\node_modules\mongodb\lib\operations\execute_operation.js:148:18)
    at async executeOperation (D:\construction-backend-V-1\construction-backend-updated\node_modules\mongodb\lib\operations\execute_operation.js:78:16)
    at async FindCursor._initialize (D:\construction-backend-V-1\construction-backend-updated\node_modules\mongodb\lib\cursor\find_cursor.js:62:26)
    at async FindCursor.cursorInit (D:\construction-backend-V-1\construction-backend-updated\node_modules\mongodb\lib\cursor\abstract_cursor.js:632:27)
    at async FindCursor.fetchBatch (D:\construction-backend-V-1\construction-backend-updated\node_modules\mongodb\lib\cursor\abstract_cursor.js:666:13)
    at async FindCursor.next (D:\construction-backend-V-1\construction-backend-updated\node_modules\mongodb\lib\cursor\abstract_cursor.js:342:17)
    at async Collection.findOne (D:\construction-backend-V-1\construction-backend-updated\node_modules\mongodb\lib\collection.js:313:24)
    at async model.Query._findOne (D:\construction-backend-V-1\construction-backend-updated\node_modules\mongoose\lib\query.js:2710:15)
    at async model.Query.exec (D:\construction-backend-V-1\construction-backend-updated\node_modules\mongoose\lib\query.js:4627:63)
2026-05-24 10:37:01 [[31merror[39m]: MongoDB connection error: Server selection timed out after 5000 ms
2026-05-24 10:40:27 [[31merror[39m]: MongoDB connection error: Server selection timed out after 5000 ms
2026-05-24 10:47:10 [[31merror[39m]: MongoDB connection error: Server selection timed out after 5000 ms
2026-05-24 10:48:39 [[31merror[39m]: MongoDB connection error: Server selection timed out after 5000 ms
2026-05-24 10:57:02 [[32minfo[39m]: MongoDB connected: ac-txgfmyu-shard-00-02.4bjwysu.mongodb.net
2026-05-24 10:57:02 [[32minfo[39m]: Server running in development mode on port 5000
2026-05-24 10:59:21 [[31merror[39m]: read ECONNRESET read ECONNRESET
MongoServerSelectionError: read ECONNRESET
    at Topology.selectServer (D:\construction-backend-V-1\construction-backend-updated\node_modules\mongodb\lib\sdam\topology.js:327:38)
    at async tryOperation (D:\construction-backend-V-1\construction-backend-updated\node_modules\mongodb\lib\operations\execute_operation.js:196:22)
    at async executeOperation (D:\construction-backend-V-1\construction-backend-updated\node_modules\mongodb\lib\operations\execute_operation.js:78:16)
    at async FindCursor._initialize (D:\construction-backend-V-1\construction-backend-updated\node_modules\mongodb\lib\cursor\find_cursor.js:62:26)
    at async FindCursor.cursorInit (D:\construction-backend-V-1\construction-backend-updated\node_modules\mongodb\lib\cursor\abstract_cursor.js:632:27)
    at async FindCursor.fetchBatch (D:\construction-backend-V-1\construction-backend-updated\node_modules\mongodb\lib\cursor\abstract_cursor.js:666:13)
    at async FindCursor.next (D:\construction-backend-V-1\construction-backend-updated\node_modules\mongodb\lib\cursor\abstract_cursor.js:342:17)
    at async [Symbol.asyncIterator] (D:\construction-backend-V-1\construction-backend-updated\node_modules\mongodb\lib\cursor\abstract_cursor.js:250:34)
    at async FindCursor.toArray (D:\construction-backend-V-1\construction-backend-updated\node_modules\mongodb\lib\cursor\abstract_cursor.js:422:26)
    at async model.Query._find (D:\construction-backend-V-1\construction-backend-updated\node_modules\mongoose\lib\query.js:2430:14)
2026-05-24 10:59:22 [[31merror[39m]: read ECONNRESET read ECONNRESET
MongoServerSelectionError: read ECONNRESET
    at Topology.selectServer (D:\construction-backend-V-1\construction-backend-updated\node_modules\mongodb\lib\sdam\topology.js:327:38)
    at async tryOperation (D:\construction-backend-V-1\construction-backend-updated\node_modules\mongodb\lib\operations\execute_operation.js:148:18)
    at async executeOperation (D:\construction-backend-V-1\construction-backend-updated\node_modules\mongodb\lib\operations\execute_operation.js:78:16)
    at async FindCursor._initialize (D:\construction-backend-V-1\construction-backend-updated\node_modules\mongodb\lib\cursor\find_cursor.js:62:26)
    at async FindCursor.cursorInit (D:\construction-backend-V-1\construction-backend-updated\node_modules\mongodb\lib\cursor\abstract_cursor.js:632:27)
    at async FindCursor.fetchBatch (D:\construction-backend-V-1\construction-backend-updated\node_modules\mongodb\lib\cursor\abstract_cursor.js:666:13)
    at async FindCursor.next (D:\construction-backend-V-1\construction-backend-updated\node_modules\mongodb\lib\cursor\abstract_cursor.js:342:17)
    at async Collection.findOne (D:\construction-backend-V-1\construction-backend-updated\node_modules\mongodb\lib\collection.js:313:24)
    at async model.Query._findOne (D:\construction-backend-V-1\construction-backend-updated\node_modules\mongoose\lib\query.js:2710:15)
    at async model.Query.exec (D:\construction-backend-V-1\construction-backend-updated\node_modules\mongoose\lib\query.js:4627:63)
2026-05-24 10:59:24 [[31merror[39m]: read ECONNRESET read ECONNRESET
MongoServerSelectionError: read ECONNRESET
    at Topology.selectServer (D:\construction-backend-V-1\construction-backend-updated\node_modules\mongodb\lib\sdam\topology.js:327:38)
    at async tryOperation (D:\construction-backend-V-1\construction-backend-updated\node_modules\mongodb\lib\operations\execute_operation.js:196:22)
    at async executeOperation (D:\construction-backend-V-1\construction-backend-updated\node_modules\mongodb\lib\operations\execute_operation.js:78:16)
    at async FindCursor._initialize (D:\construction-backend-V-1\construction-backend-updated\node_modules\mongodb\lib\cursor\find_cursor.js:62:26)
    at async FindCursor.cursorInit (D:\construction-backend-V-1\construction-backend-updated\node_modules\mongodb\lib\cursor\abstract_cursor.js:632:27)
    at async FindCursor.fetchBatch (D:\construction-backend-V-1\construction-backend-updated\node_modules\mongodb\lib\cursor\abstract_cursor.js:666:13)
    at async FindCursor.next (D:\construction-backend-V-1\construction-backend-updated\node_modules\mongodb\lib\cursor\abstract_cursor.js:342:17)
    at async [Symbol.asyncIterator] (D:\construction-backend-V-1\construction-backend-updated\node_modules\mongodb\lib\cursor\abstract_cursor.js:250:34)
    at async FindCursor.toArray (D:\construction-backend-V-1\construction-backend-updated\node_modules\mongodb\lib\cursor\abstract_cursor.js:422:26)
    at async model.Query._find (D:\construction-backend-V-1\construction-backend-updated\node_modules\mongoose\lib\query.js:2430:14)
2026-05-24 10:59:24 [[31merror[39m]: read ECONNRESET read ECONNRESET
MongoServerSelectionError: read ECONNRESET
    at Topology.selectServer (D:\construction-backend-V-1\construction-backend-updated\node_modules\mongodb\lib\sdam\topology.js:327:38)
    at runNextTicks (node:internal/process/task_queues:65:5)
    at listOnTimeout (node:internal/timers:555:9)
    at process.processTimers (node:internal/timers:529:7)
    at async tryOperation (D:\construction-backend-V-1\construction-backend-updated\node_modules\mongodb\lib\operations\execute_operation.js:148:18)
    at async executeOperation (D:\construction-backend-V-1\construction-backend-updated\node_modules\mongodb\lib\operations\execute_operation.js:78:16)
    at async FindCursor._initialize (D:\construction-backend-V-1\construction-backend-updated\node_modules\mongodb\lib\cursor\find_cursor.js:62:26)
    at async FindCursor.cursorInit (D:\construction-backend-V-1\construction-backend-updated\node_modules\mongodb\lib\cursor\abstract_cursor.js:632:27)
    at async FindCursor.fetchBatch (D:\construction-backend-V-1\construction-backend-updated\node_modules\mongodb\lib\cursor\abstract_cursor.js:666:13)
    at async FindCursor.next (D:\construction-backend-V-1\construction-backend-updated\node_modules\mongodb\lib\cursor\abstract_cursor.js:342:17)
2026-05-24 10:59:24 [[31merror[39m]: read ECONNRESET read ECONNRESET
MongoServerSelectionError: read ECONNRESET
    at Topology.selectServer (D:\construction-backend-V-1\construction-backend-updated\node_modules\mongodb\lib\sdam\topology.js:327:38)
    at async tryOperation (D:\construction-backend-V-1\construction-backend-updated\node_modules\mongodb\lib\operations\execute_operation.js:148:18)
    at async executeOperation (D:\construction-backend-V-1\construction-backend-updated\node_modules\mongodb\lib\operations\execute_operation.js:78:16)
    at async FindCursor._initialize (D:\construction-backend-V-1\construction-backend-updated\node_modules\mongodb\lib\cursor\find_cursor.js:62:26)
    at async FindCursor.cursorInit (D:\construction-backend-V-1\construction-backend-updated\node_modules\mongodb\lib\cursor\abstract_cursor.js:632:27)
    at async FindCursor.fetchBatch (D:\construction-backend-V-1\construction-backend-updated\node_modules\mongodb\lib\cursor\abstract_cursor.js:666:13)
    at async FindCursor.next (D:\construction-backend-V-1\construction-backend-updated\node_modules\mongodb\lib\cursor\abstract_cursor.js:342:17)
    at async Collection.findOne (D:\construction-backend-V-1\construction-backend-updated\node_modules\mongodb\lib\collection.js:313:24)
    at async model.Query._findOne (D:\construction-backend-V-1\construction-backend-updated\node_modules\mongoose\lib\query.js:2710:15)
    at async model.Query.exec (D:\construction-backend-V-1\construction-backend-updated\node_modules\mongoose\lib\query.js:4627:63)
2026-05-24 10:59:25 [[31merror[39m]: read ECONNRESET read ECONNRESET
MongoServerSelectionError: read ECONNRESET
    at Topology.selectServer (D:\construction-backend-V-1\construction-backend-updated\node_modules\mongodb\lib\sdam\topology.js:327:38)
    at runNextTicks (node:internal/process/task_queues:65:5)
    at listOnTimeout (node:internal/timers:555:9)
    at process.processTimers (node:internal/timers:529:7)
    at async tryOperation (D:\construction-backend-V-1\construction-backend-updated\node_modules\mongodb\lib\operations\execute_operation.js:148:18)
    at async executeOperation (D:\construction-backend-V-1\construction-backend-updated\node_modules\mongodb\lib\operations\execute_operation.js:78:16)
    at async FindCursor._initialize (D:\construction-backend-V-1\construction-backend-updated\node_modules\mongodb\lib\cursor\find_cursor.js:62:26)
    at async FindCursor.cursorInit (D:\construction-backend-V-1\construction-backend-updated\node_modules\mongodb\lib\cursor\abstract_cursor.js:632:27)
    at async FindCursor.fetchBatch (D:\construction-backend-V-1\construction-backend-updated\node_modules\mongodb\lib\cursor\abstract_cursor.js:666:13)
    at async FindCursor.next (D:\construction-backend-V-1\construction-backend-updated\node_modules\mongodb\lib\cursor\abstract_cursor.js:342:17)
2026-05-24 10:59:25 [[31merror[39m]: read ECONNRESET read ECONNRESET
MongoServerSelectionError: read ECONNRESET
    at Topology.selectServer (D:\construction-backend-V-1\construction-backend-updated\node_modules\mongodb\lib\sdam\topology.js:327:38)
    at runNextTicks (node:internal/process/task_queues:65:5)
    at listOnTimeout (node:internal/timers:555:9)
    at process.processTimers (node:internal/timers:529:7)
    at async tryOperation (D:\construction-backend-V-1\construction-backend-updated\node_modules\mongodb\lib\operations\execute_operation.js:148:18)
    at async executeOperation (D:\construction-backend-V-1\construction-backend-updated\node_modules\mongodb\lib\operations\execute_operation.js:78:16)
    at async FindCursor._initialize (D:\construction-backend-V-1\construction-backend-updated\node_modules\mongodb\lib\cursor\find_cursor.js:62:26)
    at async FindCursor.cursorInit (D:\construction-backend-V-1\construction-backend-updated\node_modules\mongodb\lib\cursor\abstract_cursor.js:632:27)
    at async FindCursor.fetchBatch (D:\construction-backend-V-1\construction-backend-updated\node_modules\mongodb\lib\cursor\abstract_cursor.js:666:13)
    at async FindCursor.next (D:\construction-backend-V-1\construction-backend-updated\node_modules\mongodb\lib\cursor\abstract_cursor.js:342:17)
2026-05-24 10:59:25 [[31merror[39m]: read ECONNRESET read ECONNRESET
MongoServerSelectionError: read ECONNRESET
    at Topology.selectServer (D:\construction-backend-V-1\construction-backend-updated\node_modules\mongodb\lib\sdam\topology.js:327:38)
    at async tryOperation (D:\construction-backend-V-1\construction-backend-updated\node_modules\mongodb\lib\operations\execute_operation.js:148:18)
    at async executeOperation (D:\construction-backend-V-1\construction-backend-updated\node_modules\mongodb\lib\operations\execute_operation.js:78:16)
    at async FindCursor._initialize (D:\construction-backend-V-1\construction-backend-updated\node_modules\mongodb\lib\cursor\find_cursor.js:62:26)
    at async FindCursor.cursorInit (D:\construction-backend-V-1\construction-backend-updated\node_modules\mongodb\lib\cursor\abstract_cursor.js:632:27)
    at async FindCursor.fetchBatch (D:\construction-backend-V-1\construction-backend-updated\node_modules\mongodb\lib\cursor\abstract_cursor.js:666:13)
    at async FindCursor.next (D:\construction-backend-V-1\construction-backend-updated\node_modules\mongodb\lib\cursor\abstract_cursor.js:342:17)
    at async Collection.findOne (D:\construction-backend-V-1\construction-backend-updated\node_modules\mongodb\lib\collection.js:313:24)
    at async model.Query._findOne (D:\construction-backend-V-1\construction-backend-updated\node_modules\mongoose\lib\query.js:2710:15)
    at async model.Query.exec (D:\construction-backend-V-1\construction-backend-updated\node_modules\mongoose\lib\query.js:4627:63)
2026-05-24 10:59:27 [[31merror[39m]: read ECONNRESET read ECONNRESET
MongoServerSelectionError: read ECONNRESET
    at Topology.selectServer (D:\construction-backend-V-1\construction-backend-updated\node_modules\mongodb\lib\sdam\topology.js:327:38)
    at async tryOperation (D:\construction-backend-V-1\construction-backend-updated\node_modules\mongodb\lib\operations\execute_operation.js:148:18)
    at async executeOperation (D:\construction-backend-V-1\construction-backend-updated\node_modules\mongodb\lib\operations\execute_operation.js:78:16)
    at async FindCursor._initialize (D:\construction-backend-V-1\construction-backend-updated\node_modules\mongodb\lib\cursor\find_cursor.js:62:26)
    at async FindCursor.cursorInit (D:\construction-backend-V-1\construction-backend-updated\node_modules\mongodb\lib\cursor\abstract_cursor.js:632:27)
    at async FindCursor.fetchBatch (D:\construction-backend-V-1\construction-backend-updated\node_modules\mongodb\lib\cursor\abstract_cursor.js:666:13)
    at async FindCursor.next (D:\construction-backend-V-1\construction-backend-updated\node_modules\mongodb\lib\cursor\abstract_cursor.js:342:17)
    at async Collection.findOne (D:\construction-backend-V-1\construction-backend-updated\node_modules\mongodb\lib\collection.js:313:24)
    at async model.Query._findOne (D:\construction-backend-V-1\construction-backend-updated\node_modules\mongoose\lib\query.js:2710:15)
    at async model.Query.exec (D:\construction-backend-V-1\construction-backend-updated\node_modules\mongoose\lib\query.js:4627:63)
2026-05-24 10:59:29 [[31merror[39m]: read ECONNRESET read ECONNRESET
MongoServerSelectionError: read ECONNRESET
    at Topology.selectServer (D:\construction-backend-V-1\construction-backend-updated\node_modules\mongodb\lib\sdam\topology.js:327:38)
    at runNextTicks (node:internal/process/task_queues:65:5)
    at listOnTimeout (node:internal/timers:555:9)
    at process.processTimers (node:internal/timers:529:7)
    at async tryOperation (D:\construction-backend-V-1\construction-backend-updated\node_modules\mongodb\lib\operations\execute_operation.js:148:18)
    at async executeOperation (D:\construction-backend-V-1\construction-backend-updated\node_modules\mongodb\lib\operations\execute_operation.js:78:16)
    at async FindCursor._initialize (D:\construction-backend-V-1\construction-backend-updated\node_modules\mongodb\lib\cursor\find_cursor.js:62:26)
    at async FindCursor.cursorInit (D:\construction-backend-V-1\construction-backend-updated\node_modules\mongodb\lib\cursor\abstract_cursor.js:632:27)
    at async FindCursor.fetchBatch (D:\construction-backend-V-1\construction-backend-updated\node_modules\mongodb\lib\cursor\abstract_cursor.js:666:13)
    at async FindCursor.next (D:\construction-backend-V-1\construction-backend-updated\node_modules\mongodb\lib\cursor\abstract_cursor.js:342:17)
2026-05-24 10:59:29 [[31merror[39m]: read ECONNRESET read ECONNRESET
MongoServerSelectionError: read ECONNRESET
    at Topology.selectServer (D:\construction-backend-V-1\construction-backend-updated\node_modules\mongodb\lib\sdam\topology.js:327:38)
    at async tryOperation (D:\construction-backend-V-1\construction-backend-updated\node_modules\mongodb\lib\operations\execute_operation.js:148:18)
    at async executeOperation (D:\construction-backend-V-1\construction-backend-updated\node_modules\mongodb\lib\operations\execute_operation.js:78:16)
    at async FindCursor._initialize (D:\construction-backend-V-1\construction-backend-updated\node_modules\mongodb\lib\cursor\find_cursor.js:62:26)
    at async FindCursor.cursorInit (D:\construction-backend-V-1\construction-backend-updated\node_modules\mongodb\lib\cursor\abstract_cursor.js:632:27)
    at async FindCursor.fetchBatch (D:\construction-backend-V-1\construction-backend-updated\node_modules\mongodb\lib\cursor\abstract_cursor.js:666:13)
    at async FindCursor.next (D:\construction-backend-V-1\construction-backend-updated\node_modules\mongodb\lib\cursor\abstract_cursor.js:342:17)
    at async Collection.findOne (D:\construction-backend-V-1\construction-backend-updated\node_modules\mongodb\lib\collection.js:313:24)
    at async model.Query._findOne (D:\construction-backend-V-1\construction-backend-updated\node_modules\mongoose\lib\query.js:2710:15)
    at async model.Query.exec (D:\construction-backend-V-1\construction-backend-updated\node_modules\mongoose\lib\query.js:4627:63)
2026-05-24 10:59:30 [[31merror[39m]: read ECONNRESET read ECONNRESET
MongoServerSelectionError: read ECONNRESET
    at Topology.selectServer (D:\construction-backend-V-1\construction-backend-updated\node_modules\mongodb\lib\sdam\topology.js:327:38)
    at runNextTicks (node:internal/process/task_queues:65:5)
    at listOnTimeout (node:internal/timers:555:9)
    at process.processTimers (node:internal/timers:529:7)
    at async tryOperation (D:\construction-backend-V-1\construction-backend-updated\node_modules\mongodb\lib\operations\execute_operation.js:148:18)
    at async executeOperation (D:\construction-backend-V-1\construction-backend-updated\node_modules\mongodb\lib\operations\execute_operation.js:78:16)
    at async FindCursor._initialize (D:\construction-backend-V-1\construction-backend-updated\node_modules\mongodb\lib\cursor\find_cursor.js:62:26)
    at async FindCursor.cursorInit (D:\construction-backend-V-1\construction-backend-updated\node_modules\mongodb\lib\cursor\abstract_cursor.js:632:27)
    at async FindCursor.fetchBatch (D:\construction-backend-V-1\construction-backend-updated\node_modules\mongodb\lib\cursor\abstract_cursor.js:666:13)
    at async FindCursor.next (D:\construction-backend-V-1\construction-backend-updated\node_modules\mongodb\lib\cursor\abstract_cursor.js:342:17)
2026-05-24 10:59:30 [[31merror[39m]: read ECONNRESET read ECONNRESET
MongoServerSelectionError: read ECONNRESET
    at Topology.selectServer (D:\construction-backend-V-1\construction-backend-updated\node_modules\mongodb\lib\sdam\topology.js:327:38)
    at runNextTicks (node:internal/process/task_queues:65:5)
    at listOnTimeout (node:internal/timers:555:9)
    at process.processTimers (node:internal/timers:529:7)
    at async tryOperation (D:\construction-backend-V-1\construction-backend-updated\node_modules\mongodb\lib\operations\execute_operation.js:148:18)
    at async executeOperation (D:\construction-backend-V-1\construction-backend-updated\node_modules\mongodb\lib\operations\execute_operation.js:78:16)
    at async FindCursor._initialize (D:\construction-backend-V-1\construction-backend-updated\node_modules\mongodb\lib\cursor\find_cursor.js:62:26)
    at async FindCursor.cursorInit (D:\construction-backend-V-1\construction-backend-updated\node_modules\mongodb\lib\cursor\abstract_cursor.js:632:27)
    at async FindCursor.fetchBatch (D:\construction-backend-V-1\construction-backend-updated\node_modules\mongodb\lib\cursor\abstract_cursor.js:666:13)
    at async FindCursor.next (D:\construction-backend-V-1\construction-backend-updated\node_modules\mongodb\lib\cursor\abstract_cursor.js:342:17)
2026-05-24 10:59:30 [[31merror[39m]: read ECONNRESET read ECONNRESET
MongoServerSelectionError: read ECONNRESET
    at Topology.selectServer (D:\construction-backend-V-1\construction-backend-updated\node_modules\mongodb\lib\sdam\topology.js:327:38)
    at async tryOperation (D:\construction-backend-V-1\construction-backend-updated\node_modules\mongodb\lib\operations\execute_operation.js:148:18)
    at async executeOperation (D:\construction-backend-V-1\construction-backend-updated\node_modules\mongodb\lib\operations\execute_operation.js:78:16)
    at async FindCursor._initialize (D:\construction-backend-V-1\construction-backend-updated\node_modules\mongodb\lib\cursor\find_cursor.js:62:26)
    at async FindCursor.cursorInit (D:\construction-backend-V-1\construction-backend-updated\node_modules\mongodb\lib\cursor\abstract_cursor.js:632:27)
    at async FindCursor.fetchBatch (D:\construction-backend-V-1\construction-backend-updated\node_modules\mongodb\lib\cursor\abstract_cursor.js:666:13)
    at async FindCursor.next (D:\construction-backend-V-1\construction-backend-updated\node_modules\mongodb\lib\cursor\abstract_cursor.js:342:17)
    at async Collection.findOne (D:\construction-backend-V-1\construction-backend-updated\node_modules\mongodb\lib\collection.js:313:24)
    at async model.Query._findOne (D:\construction-backend-V-1\construction-backend-updated\node_modules\mongoose\lib\query.js:2710:15)
    at async model.Query.exec (D:\construction-backend-V-1\construction-backend-updated\node_modules\mongoose\lib\query.js:4627:63)
2026-05-24 10:59:32 [[31merror[39m]: connection <monitor> to 159.143.85.37:27017 closed connection <monitor> to 159.143.85.37:27017 closed
MongoServerSelectionError: connection <monitor> to 159.143.85.37:27017 closed
    at Topology.selectServer (D:\construction-backend-V-1\construction-backend-updated\node_modules\mongodb\lib\sdam\topology.js:327:38)
    at async tryOperation (D:\construction-backend-V-1\construction-backend-updated\node_modules\mongodb\lib\operations\execute_operation.js:148:18)
    at async executeOperation (D:\construction-backend-V-1\construction-backend-updated\node_modules\mongodb\lib\operations\execute_operation.js:78:16)
    at async FindCursor._initialize (D:\construction-backend-V-1\construction-backend-updated\node_modules\mongodb\lib\cursor\find_cursor.js:62:26)
    at async FindCursor.cursorInit (D:\construction-backend-V-1\construction-backend-updated\node_modules\mongodb\lib\cursor\abstract_cursor.js:632:27)
    at async FindCursor.fetchBatch (D:\construction-backend-V-1\construction-backend-updated\node_modules\mongodb\lib\cursor\abstract_cursor.js:666:13)
    at async FindCursor.next (D:\construction-backend-V-1\construction-backend-updated\node_modules\mongodb\lib\cursor\abstract_cursor.js:342:17)
    at async Collection.findOne (D:\construction-backend-V-1\construction-backend-updated\node_modules\mongodb\lib\collection.js:313:24)
    at async model.Query._findOne (D:\construction-backend-V-1\construction-backend-updated\node_modules\mongoose\lib\query.js:2710:15)
    at async model.Query.exec (D:\construction-backend-V-1\construction-backend-updated\node_modules\mongoose\lib\query.js:4627:63)
2026-05-24 11:02:19 [[31merror[39m]: read ECONNRESET read ECONNRESET
MongoNetworkError: read ECONNRESET
    at TLSSocket.<anonymous> (D:\construction-backend-V-1\construction-backend-updated\node_modules\mongodb\lib\cmap\connect.js:286:44)
    at Object.onceWrapper (node:events:639:26)
    at TLSSocket.emit (node:events:524:28)
    at emitErrorNT (node:internal/streams/destroy:170:8)
    at emitErrorCloseNT (node:internal/streams/destroy:129:3)
    at process.processTicksAndRejections (node:internal/process/task_queues:90:21)
2026-05-24 11:02:24 [[31merror[39m]: read ECONNRESET read ECONNRESET
MongoServerSelectionError: read ECONNRESET
    at Topology.selectServer (D:\construction-backend-V-1\construction-backend-updated\node_modules\mongodb\lib\sdam\topology.js:327:38)
    at async tryOperation (D:\construction-backend-V-1\construction-backend-updated\node_modules\mongodb\lib\operations\execute_operation.js:196:22)
    at async executeOperation (D:\construction-backend-V-1\construction-backend-updated\node_modules\mongodb\lib\operations\execute_operation.js:78:16)
    at async FindCursor._initialize (D:\construction-backend-V-1\construction-backend-updated\node_modules\mongodb\lib\cursor\find_cursor.js:62:26)
    at async FindCursor.cursorInit (D:\construction-backend-V-1\construction-backend-updated\node_modules\mongodb\lib\cursor\abstract_cursor.js:632:27)
    at async FindCursor.fetchBatch (D:\construction-backend-V-1\construction-backend-updated\node_modules\mongodb\lib\cursor\abstract_cursor.js:666:13)
    at async FindCursor.next (D:\construction-backend-V-1\construction-backend-updated\node_modules\mongodb\lib\cursor\abstract_cursor.js:342:17)
    at async Collection.findOne (D:\construction-backend-V-1\construction-backend-updated\node_modules\mongodb\lib\collection.js:313:24)
    at async model.Query._findOne (D:\construction-backend-V-1\construction-backend-updated\node_modules\mongoose\lib\query.js:2710:15)
    at async model.Query.exec (D:\construction-backend-V-1\construction-backend-updated\node_modules\mongoose\lib\query.js:4627:63)
2026-05-24 11:02:24 [[31merror[39m]: read ECONNRESET read ECONNRESET
MongoServerSelectionError: read ECONNRESET
    at Topology.selectServer (D:\construction-backend-V-1\construction-backend-updated\node_modules\mongodb\lib\sdam\topology.js:327:38)
    at async tryOperation (D:\construction-backend-V-1\construction-backend-updated\node_modules\mongodb\lib\operations\execute_operation.js:196:22)
    at async executeOperation (D:\construction-backend-V-1\construction-backend-updated\node_modules\mongodb\lib\operations\execute_operation.js:78:16)
    at async FindCursor._initialize (D:\construction-backend-V-1\construction-backend-updated\node_modules\mongodb\lib\cursor\find_cursor.js:62:26)
    at async FindCursor.cursorInit (D:\construction-backend-V-1\construction-backend-updated\node_modules\mongodb\lib\cursor\abstract_cursor.js:632:27)
    at async FindCursor.fetchBatch (D:\construction-backend-V-1\construction-backend-updated\node_modules\mongodb\lib\cursor\abstract_cursor.js:666:13)
    at async FindCursor.next (D:\construction-backend-V-1\construction-backend-updated\node_modules\mongodb\lib\cursor\abstract_cursor.js:342:17)
    at async Collection.findOne (D:\construction-backend-V-1\construction-backend-updated\node_modules\mongodb\lib\collection.js:313:24)
    at async model.Query._findOne (D:\construction-backend-V-1\construction-backend-updated\node_modules\mongoose\lib\query.js:2710:15)
    at async model.Query.exec (D:\construction-backend-V-1\construction-backend-updated\node_modules\mongoose\lib\query.js:4627:63)
2026-06-03 07:48:41 [[32minfo[39m]: MongoDB connected: ac-txgfmyu-shard-00-01.4bjwysu.mongodb.net
2026-06-03 07:48:41 [[32minfo[39m]: Server running in development mode on port 5000
2026-06-03 08:59:48 [[31merror[39m]: E11000 duplicate key error collection: construction_db.productvariants index: productId_1_brand_1_unit_1_unitValue_1 dup key: { productId: ObjectId('6a1f7f4f5509fb9b8b9be10b'), brand: "ផែនដី ស្តើង", unit: "stick", unitValue: 1 } E11000 duplicate key error collection: construction_db.productvariants index: productId_1_brand_1_unit_1_unitValue_1 dup key: { productId: ObjectId('6a1f7f4f5509fb9b8b9be10b'), brand: "ផែនដី ស្តើង", unit: "stick", unitValue: 1 }
MongoServerError: E11000 duplicate key error collection: construction_db.productvariants index: productId_1_brand_1_unit_1_unitValue_1 dup key: { productId: ObjectId('6a1f7f4f5509fb9b8b9be10b'), brand: "ផែនដី ស្តើង", unit: "stick", unitValue: 1 }
    at InsertOneOperation.handleOk (D:\construction-backend-V-1\construction-backend-updated\node_modules\mongodb\lib\operations\insert.js:51:19)
    at tryOperation (D:\construction-backend-V-1\construction-backend-updated\node_modules\mongodb\lib\operations\execute_operation.js:214:34)
    at process.processTicksAndRejections (node:internal/process/task_queues:105:5)
    at async executeOperation (D:\construction-backend-V-1\construction-backend-updated\node_modules\mongodb\lib\operations\execute_operation.js:78:16)
    at async Collection.insertOne (D:\construction-backend-V-1\construction-backend-updated\node_modules\mongodb\lib\collection.js:154:16)
2026-06-03 09:00:04 [[31merror[39m]: E11000 duplicate key error collection: construction_db.productvariants index: productId_1_brand_1_unit_1_unitValue_1 dup key: { productId: ObjectId('6a1f7f4f5509fb9b8b9be10b'), brand: "ផែនដី ស្តើង", unit: "stick", unitValue: 1 } E11000 duplicate key error collection: construction_db.productvariants index: productId_1_brand_1_unit_1_unitValue_1 dup key: { productId: ObjectId('6a1f7f4f5509fb9b8b9be10b'), brand: "ផែនដី ស្តើង", unit: "stick", unitValue: 1 }
MongoServerError: E11000 duplicate key error collection: construction_db.productvariants index: productId_1_brand_1_unit_1_unitValue_1 dup key: { productId: ObjectId('6a1f7f4f5509fb9b8b9be10b'), brand: "ផែនដី ស្តើង", unit: "stick", unitValue: 1 }
    at InsertOneOperation.handleOk (D:\construction-backend-V-1\construction-backend-updated\node_modules\mongodb\lib\operations\insert.js:51:19)
    at tryOperation (D:\construction-backend-V-1\construction-backend-updated\node_modules\mongodb\lib\operations\execute_operation.js:214:34)
    at process.processTicksAndRejections (node:internal/process/task_queues:105:5)
    at async executeOperation (D:\construction-backend-V-1\construction-backend-updated\node_modules\mongodb\lib\operations\execute_operation.js:78:16)
    at async Collection.insertOne (D:\construction-backend-V-1\construction-backend-updated\node_modules\mongodb\lib\collection.js:154:16)
2026-06-03 09:26:22 [[31merror[39m]: E11000 duplicate key error collection: construction_db.productvariants index: productId_1_brand_1_unit_1_unitValue_1 dup key: { productId: ObjectId('6a1f7f4f5509fb9b8b9be10b'), brand: "hello", unit: "stick", unitValue: 1 } E11000 duplicate key error collection: construction_db.productvariants index: productId_1_brand_1_unit_1_unitValue_1 dup key: { productId: ObjectId('6a1f7f4f5509fb9b8b9be10b'), brand: "hello", unit: "stick", unitValue: 1 }
MongoServerError: E11000 duplicate key error collection: construction_db.productvariants index: productId_1_brand_1_unit_1_unitValue_1 dup key: { productId: ObjectId('6a1f7f4f5509fb9b8b9be10b'), brand: "hello", unit: "stick", unitValue: 1 }
    at InsertOneOperation.handleOk (D:\construction-backend-V-1\construction-backend-updated\node_modules\mongodb\lib\operations\insert.js:51:19)
    at tryOperation (D:\construction-backend-V-1\construction-backend-updated\node_modules\mongodb\lib\operations\execute_operation.js:214:34)
    at process.processTicksAndRejections (node:internal/process/task_queues:105:5)
    at async executeOperation (D:\construction-backend-V-1\construction-backend-updated\node_modules\mongodb\lib\operations\execute_operation.js:78:16)
    at async Collection.insertOne (D:\construction-backend-V-1\construction-backend-updated\node_modules\mongodb\lib\collection.js:154:16)
2026-06-03 15:26:37 [[32minfo[39m]: MongoDB connected: ac-txgfmyu-shard-00-02.4bjwysu.mongodb.net
2026-06-03 15:26:37 [[32minfo[39m]: Server running in development mode on port 5000
2026-06-09 08:17:42 [[32minfo[39m]: MongoDB connected: ac-txgfmyu-shard-00-01.4bjwysu.mongodb.net
2026-06-09 08:17:42 [[32minfo[39m]: Server running in development mode on port 5000
2026-06-09 09:34:21 [[31merror[39m]: E11000 duplicate key error collection: construction_db.productvariants index: productId_1_brand_1_unit_1_unitValue_1 dup key: { productId: ObjectId('6a1f7f4f5509fb9b8b9be10b'), brand: "ព្រះច័ន្ទ ក្រាស", unit: "stick", unitValue: 1 } E11000 duplicate key error collection: construction_db.productvariants index: productId_1_brand_1_unit_1_unitValue_1 dup key: { productId: ObjectId('6a1f7f4f5509fb9b8b9be10b'), brand: "ព្រះច័ន្ទ ក្រាស", unit: "stick", unitValue: 1 }
MongoServerError: E11000 duplicate key error collection: construction_db.productvariants index: productId_1_brand_1_unit_1_unitValue_1 dup key: { productId: ObjectId('6a1f7f4f5509fb9b8b9be10b'), brand: "ព្រះច័ន្ទ ក្រាស", unit: "stick", unitValue: 1 }
    at InsertOneOperation.handleOk (D:\construction-backend-V-1\construction-backend-updated\node_modules\mongodb\lib\operations\insert.js:51:19)
    at tryOperation (D:\construction-backend-V-1\construction-backend-updated\node_modules\mongodb\lib\operations\execute_operation.js:214:34)
    at process.processTicksAndRejections (node:internal/process/task_queues:105:5)
    at async executeOperation (D:\construction-backend-V-1\construction-backend-updated\node_modules\mongodb\lib\operations\execute_operation.js:78:16)
    at async Collection.insertOne (D:\construction-backend-V-1\construction-backend-updated\node_modules\mongodb\lib\collection.js:154:16)
2026-06-09 09:34:45 [[31merror[39m]: Plan executor error during findAndModify :: caused by :: E11000 duplicate key error collection: construction_db.productvariants index: productId_1_brand_1_unit_1_unitValue_1 dup key: { productId: ObjectId('6a1f7f4f5509fb9b8b9be10b'), brand: "ព្រះច័ន្ទ ស្តើង", unit: "stick", unitValue: 1 } Plan executor error during findAndModify :: caused by :: E11000 duplicate key error collection: construction_db.productvariants index: productId_1_brand_1_unit_1_unitValue_1 dup key: { productId: ObjectId('6a1f7f4f5509fb9b8b9be10b'), brand: "ព្រះច័ន្ទ ស្តើង", unit: "stick", unitValue: 1 }
MongoServerError: Plan executor error during findAndModify :: caused by :: E11000 duplicate key error collection: construction_db.productvariants index: productId_1_brand_1_unit_1_unitValue_1 dup key: { productId: ObjectId('6a1f7f4f5509fb9b8b9be10b'), brand: "ព្រះច័ន្ទ ស្តើង", unit: "stick", unitValue: 1 }
    at Connection.sendCommand (D:\construction-backend-V-1\construction-backend-updated\node_modules\mongodb\lib\cmap\connection.js:306:27)
    at process.processTicksAndRejections (node:internal/process/task_queues:105:5)
    at async Connection.command (D:\construction-backend-V-1\construction-backend-updated\node_modules\mongodb\lib\cmap\connection.js:334:26)
    at async Server.command (D:\construction-backend-V-1\construction-backend-updated\node_modules\mongodb\lib\sdam\server.js:194:29)
    at async tryOperation (D:\construction-backend-V-1\construction-backend-updated\node_modules\mongodb\lib\operations\execute_operation.js:213:32)
    at async executeOperation (D:\construction-backend-V-1\construction-backend-updated\node_modules\mongodb\lib\operations\execute_operation.js:78:16)
    at async Collection.findOneAndUpdate (D:\construction-backend-V-1\construction-backend-updated\node_modules\mongodb\lib\collection.js:544:16)
    at async model.Query._findOneAndUpdate (D:\construction-backend-V-1\construction-backend-updated\node_modules\mongoose\lib\query.js:3536:13)
    at async model.Query.exec (D:\construction-backend-V-1\construction-backend-updated\node_modules\mongoose\lib\query.js:4627:63)
    at async updateVariant (file:///D:/construction-backend-V-1/construction-backend-updated/src/controllers/variant.controller.js:48:21)
2026-06-09 16:32:04 [[32minfo[39m]: MongoDB connected: ac-txgfmyu-shard-00-01.4bjwysu.mongodb.net
2026-06-09 16:32:04 [[32minfo[39m]: Server running in development mode on port 5000
2026-06-10 08:56:16 [[32minfo[39m]: MongoDB connected: ac-txgfmyu-shard-00-00.4bjwysu.mongodb.net
2026-06-10 08:56:16 [[32minfo[39m]: Server running in development mode on port 5000
2026-06-10 09:40:16 [[31merror[39m]: Cannot read properties of null (reading 'toString') Cannot read properties of null (reading 'toString')
TypeError: Cannot read properties of null (reading 'toString')
    at file:///D:/construction-backend-V-1/construction-backend-updated/src/controllers/category.controller.js:24:42
    at Array.forEach (<anonymous>)
    at getCategories (file:///D:/construction-backend-V-1/construction-backend-updated/src/controllers/category.controller.js:24:12)
    at process.processTicksAndRejections (node:internal/process/task_queues:105:5)
2026-06-10 09:40:25 [[31merror[39m]: Cannot read properties of null (reading 'toString') Cannot read properties of null (reading 'toString')
TypeError: Cannot read properties of null (reading 'toString')
    at file:///D:/construction-backend-V-1/construction-backend-updated/src/controllers/category.controller.js:24:42
    at Array.forEach (<anonymous>)
    at getCategories (file:///D:/construction-backend-V-1/construction-backend-updated/src/controllers/category.controller.js:24:12)
    at process.processTicksAndRejections (node:internal/process/task_queues:105:5)
2026-06-10 10:10:10 [[31merror[39m]: Cannot read properties of null (reading 'toString') Cannot read properties of null (reading 'toString')
TypeError: Cannot read properties of null (reading 'toString')
    at file:///D:/construction-backend-V-1/construction-backend-updated/src/controllers/category.controller.js:24:42
    at Array.forEach (<anonymous>)
    at getCategories (file:///D:/construction-backend-V-1/construction-backend-updated/src/controllers/category.controller.js:24:12)
    at process.processTicksAndRejections (node:internal/process/task_queues:105:5)
2026-06-10 10:10:15 [[31merror[39m]: Cannot read properties of null (reading 'toString') Cannot read properties of null (reading 'toString')
TypeError: Cannot read properties of null (reading 'toString')
    at file:///D:/construction-backend-V-1/construction-backend-updated/src/controllers/category.controller.js:24:42
    at Array.forEach (<anonymous>)
    at getCategories (file:///D:/construction-backend-V-1/construction-backend-updated/src/controllers/category.controller.js:24:12)
    at process.processTicksAndRejections (node:internal/process/task_queues:105:5)
2026-06-10 10:10:44 [[31merror[39m]: Cannot read properties of null (reading 'toString') Cannot read properties of null (reading 'toString')
TypeError: Cannot read properties of null (reading 'toString')
    at file:///D:/construction-backend-V-1/construction-backend-updated/src/controllers/category.controller.js:24:42
    at Array.forEach (<anonymous>)
    at getCategories (file:///D:/construction-backend-V-1/construction-backend-updated/src/controllers/category.controller.js:24:12)
    at process.processTicksAndRejections (node:internal/process/task_queues:105:5)
2026-06-10 10:13:53 [[31merror[39m]: Cannot read properties of null (reading 'toString') Cannot read properties of null (reading 'toString')
TypeError: Cannot read properties of null (reading 'toString')
    at file:///D:/construction-backend-V-1/construction-backend-updated/src/controllers/category.controller.js:24:42
    at Array.forEach (<anonymous>)
    at getCategories (file:///D:/construction-backend-V-1/construction-backend-updated/src/controllers/category.controller.js:24:12)
    at process.processTicksAndRejections (node:internal/process/task_queues:105:5)
2026-06-10 10:14:13 [[31merror[39m]: Cannot read properties of null (reading 'toString') Cannot read properties of null (reading 'toString')
TypeError: Cannot read properties of null (reading 'toString')
    at file:///D:/construction-backend-V-1/construction-backend-updated/src/controllers/category.controller.js:24:42
    at Array.forEach (<anonymous>)
    at getCategories (file:///D:/construction-backend-V-1/construction-backend-updated/src/controllers/category.controller.js:24:12)
    at process.processTicksAndRejections (node:internal/process/task_queues:105:5)
2026-06-10 10:16:26 [[31merror[39m]: Cannot read properties of null (reading 'toString') Cannot read properties of null (reading 'toString')
TypeError: Cannot read properties of null (reading 'toString')
    at file:///D:/construction-backend-V-1/construction-backend-updated/src/controllers/category.controller.js:24:42
    at Array.forEach (<anonymous>)
    at getCategories (file:///D:/construction-backend-V-1/construction-backend-updated/src/controllers/category.controller.js:24:12)
    at process.processTicksAndRejections (node:internal/process/task_queues:105:5)
2026-06-10 10:17:04 [[32minfo[39m]: MongoDB connected: ac-txgfmyu-shard-00-02.4bjwysu.mongodb.net
2026-06-10 10:17:04 [[32minfo[39m]: Server running in development mode on port 5000
2026-06-10 10:17:10 [[31merror[39m]: Cannot read properties of null (reading 'toString') Cannot read properties of null (reading 'toString')
TypeError: Cannot read properties of null (reading 'toString')
    at file:///D:/construction-backend-V-1/construction-backend-updated/src/controllers/category.controller.js:24:42
    at Array.forEach (<anonymous>)
    at getCategories (file:///D:/construction-backend-V-1/construction-backend-updated/src/controllers/category.controller.js:24:12)
    at process.processTicksAndRejections (node:internal/process/task_queues:105:5)
2026-06-10 10:17:24 [[31merror[39m]: Cannot read properties of null (reading 'toString') Cannot read properties of null (reading 'toString')
TypeError: Cannot read properties of null (reading 'toString')
    at file:///D:/construction-backend-V-1/construction-backend-updated/src/controllers/category.controller.js:24:42
    at Array.forEach (<anonymous>)
    at getCategories (file:///D:/construction-backend-V-1/construction-backend-updated/src/controllers/category.controller.js:24:12)
    at process.processTicksAndRejections (node:internal/process/task_queues:105:5)
2026-06-10 10:18:04 [[31merror[39m]: Cannot read properties of null (reading 'toString') Cannot read properties of null (reading 'toString')
TypeError: Cannot read properties of null (reading 'toString')
    at file:///D:/construction-backend-V-1/construction-backend-updated/src/controllers/category.controller.js:24:42
    at Array.forEach (<anonymous>)
    at getCategories (file:///D:/construction-backend-V-1/construction-backend-updated/src/controllers/category.controller.js:24:12)
    at process.processTicksAndRejections (node:internal/process/task_queues:105:5)
2026-06-10 10:18:06 [[31merror[39m]: Cannot read properties of null (reading 'toString') Cannot read properties of null (reading 'toString')
TypeError: Cannot read properties of null (reading 'toString')
    at file:///D:/construction-backend-V-1/construction-backend-updated/src/controllers/category.controller.js:24:42
    at Array.forEach (<anonymous>)
    at getCategories (file:///D:/construction-backend-V-1/construction-backend-updated/src/controllers/category.controller.js:24:12)
    at process.processTicksAndRejections (node:internal/process/task_queues:105:5)
2026-06-10 10:18:27 [[31merror[39m]: Cannot read properties of null (reading 'toString') Cannot read properties of null (reading 'toString')
TypeError: Cannot read properties of null (reading 'toString')
    at file:///D:/construction-backend-V-1/construction-backend-updated/src/controllers/category.controller.js:24:42
    at Array.forEach (<anonymous>)
    at getCategories (file:///D:/construction-backend-V-1/construction-backend-updated/src/controllers/category.controller.js:24:12)
    at process.processTicksAndRejections (node:internal/process/task_queues:105:5)
2026-06-10 10:20:04 [[31merror[39m]: Cannot read properties of null (reading 'toString') Cannot read properties of null (reading 'toString')
TypeError: Cannot read properties of null (reading 'toString')
    at file:///D:/construction-backend-V-1/construction-backend-updated/src/controllers/category.controller.js:24:42
    at Array.forEach (<anonymous>)
    at getCategories (file:///D:/construction-backend-V-1/construction-backend-updated/src/controllers/category.controller.js:24:12)
    at process.processTicksAndRejections (node:internal/process/task_queues:105:5)
2026-06-10 10:20:06 [[31merror[39m]: Cannot read properties of null (reading 'toString') Cannot read properties of null (reading 'toString')
TypeError: Cannot read properties of null (reading 'toString')
    at file:///D:/construction-backend-V-1/construction-backend-updated/src/controllers/category.controller.js:24:42
    at Array.forEach (<anonymous>)
    at getCategories (file:///D:/construction-backend-V-1/construction-backend-updated/src/controllers/category.controller.js:24:12)
    at process.processTicksAndRejections (node:internal/process/task_queues:105:5)
2026-06-10 10:33:29 [[32minfo[39m]: MongoDB connected: ac-txgfmyu-shard-00-01.4bjwysu.mongodb.net
2026-06-10 10:33:29 [[32minfo[39m]: Server running in development mode on port 5000
2026-06-10 10:33:37 [[31merror[39m]: Cannot read properties of null (reading 'toString') Cannot read properties of null (reading 'toString')
TypeError: Cannot read properties of null (reading 'toString')
    at file:///D:/construction-backend-V-1/construction-backend-updated/src/controllers/category.controller.js:24:42
    at Array.forEach (<anonymous>)
    at getCategories (file:///D:/construction-backend-V-1/construction-backend-updated/src/controllers/category.controller.js:24:12)
    at process.processTicksAndRejections (node:internal/process/task_queues:105:5)
2026-06-10 10:33:40 [[31merror[39m]: Cannot read properties of null (reading 'toString') Cannot read properties of null (reading 'toString')
TypeError: Cannot read properties of null (reading 'toString')
    at file:///D:/construction-backend-V-1/construction-backend-updated/src/controllers/category.controller.js:24:42
    at Array.forEach (<anonymous>)
    at getCategories (file:///D:/construction-backend-V-1/construction-backend-updated/src/controllers/category.controller.js:24:12)
    at process.processTicksAndRejections (node:internal/process/task_queues:105:5)
2026-06-10 10:33:55 [[31merror[39m]: Cannot read properties of null (reading 'toString') Cannot read properties of null (reading 'toString')
TypeError: Cannot read properties of null (reading 'toString')
    at file:///D:/construction-backend-V-1/construction-backend-updated/src/controllers/category.controller.js:24:42
    at Array.forEach (<anonymous>)
    at getCategories (file:///D:/construction-backend-V-1/construction-backend-updated/src/controllers/category.controller.js:24:12)
    at process.processTicksAndRejections (node:internal/process/task_queues:105:5)
2026-06-10 10:35:19 [[31merror[39m]: Cannot read properties of null (reading 'toString') Cannot read properties of null (reading 'toString')
TypeError: Cannot read properties of null (reading 'toString')
    at file:///D:/construction-backend-V-1/construction-backend-updated/src/controllers/category.controller.js:24:42
    at Array.forEach (<anonymous>)
    at getCategories (file:///D:/construction-backend-V-1/construction-backend-updated/src/controllers/category.controller.js:24:12)
    at process.processTicksAndRejections (node:internal/process/task_queues:105:5)
2026-06-10 14:32:13 [[31merror[39m]: Employee validation failed: baseSalary: Path `baseSalary` is required., role: Path `role` is required. Employee validation failed: baseSalary: Path `baseSalary` is required., role: Path `role` is required.
ValidationError: Employee validation failed: baseSalary: Path `baseSalary` is required., role: Path `role` is required.
    at Document.invalidate (D:\construction-backend-V-1\construction-backend-updated\node_modules\mongoose\lib\document.js:3381:32)
    at D:\construction-backend-V-1\construction-backend-updated\node_modules\mongoose\lib\document.js:3142:17
    at D:\construction-backend-V-1\construction-backend-updated\node_modules\mongoose\lib\schemaType.js:1443:9
    at process.processTicksAndRejections (node:internal/process/task_queues:85:11)
2026-06-10 14:32:37 [[31merror[39m]: Employee validation failed: baseSalary: Path `baseSalary` is required., role: Path `role` is required. Employee validation failed: baseSalary: Path `baseSalary` is required., role: Path `role` is required.
ValidationError: Employee validation failed: baseSalary: Path `baseSalary` is required., role: Path `role` is required.
    at Document.invalidate (D:\construction-backend-V-1\construction-backend-updated\node_modules\mongoose\lib\document.js:3381:32)
    at D:\construction-backend-V-1\construction-backend-updated\node_modules\mongoose\lib\document.js:3142:17
    at D:\construction-backend-V-1\construction-backend-updated\node_modules\mongoose\lib\schemaType.js:1443:9
    at process.processTicksAndRejections (node:internal/process/task_queues:85:11)
2026-06-10 14:32:50 [[31merror[39m]: Employee validation failed: baseSalary: Path `baseSalary` is required., role: Path `role` is required. Employee validation failed: baseSalary: Path `baseSalary` is required., role: Path `role` is required.
ValidationError: Employee validation failed: baseSalary: Path `baseSalary` is required., role: Path `role` is required.
    at Document.invalidate (D:\construction-backend-V-1\construction-backend-updated\node_modules\mongoose\lib\document.js:3381:32)
    at D:\construction-backend-V-1\construction-backend-updated\node_modules\mongoose\lib\document.js:3142:17
    at D:\construction-backend-V-1\construction-backend-updated\node_modules\mongoose\lib\schemaType.js:1443:9
    at process.processTicksAndRejections (node:internal/process/task_queues:85:11)
2026-06-10 14:33:00 [[31merror[39m]: Employee validation failed: baseSalary: Path `baseSalary` is required., role: Path `role` is required. Employee validation failed: baseSalary: Path `baseSalary` is required., role: Path `role` is required.
ValidationError: Employee validation failed: baseSalary: Path `baseSalary` is required., role: Path `role` is required.
    at Document.invalidate (D:\construction-backend-V-1\construction-backend-updated\node_modules\mongoose\lib\document.js:3381:32)
    at D:\construction-backend-V-1\construction-backend-updated\node_modules\mongoose\lib\document.js:3142:17
    at D:\construction-backend-V-1\construction-backend-updated\node_modules\mongoose\lib\schemaType.js:1443:9
    at process.processTicksAndRejections (node:internal/process/task_queues:85:11)
2026-06-14 20:03:44 [[31merror[39m]: MongoDB connection error: Could not connect to any servers in your MongoDB Atlas cluster. One common reason is that you're trying to access the database from an IP that isn't whitelisted. Make sure your current IP address is on your Atlas cluster's IP whitelist: https://www.mongodb.com/docs/atlas/security-whitelist/
2026-06-14 20:04:38 [[31merror[39m]: MongoDB connection error: Could not connect to any servers in your MongoDB Atlas cluster. One common reason is that you're trying to access the database from an IP that isn't whitelisted. Make sure your current IP address is on your Atlas cluster's IP whitelist: https://www.mongodb.com/docs/atlas/security-whitelist/
2026-06-14 20:09:31 [[31merror[39m]: MongoDB connection error: Could not connect to any servers in your MongoDB Atlas cluster. One common reason is that you're trying to access the database from an IP that isn't whitelisted. Make sure your current IP address is on your Atlas cluster's IP whitelist: https://www.mongodb.com/docs/atlas/security-whitelist/
2026-06-14 20:13:16 [[32minfo[39m]: MongoDB connected: ac-txgfmyu-shard-00-01.4bjwysu.mongodb.net
2026-06-14 20:13:16 [[32minfo[39m]: Server running in development mode on port 5000
2026-06-14 21:21:52 [[31merror[39m]: connection <monitor> to 159.143.85.37:27017 timed out connection <monitor> to 159.143.85.37:27017 timed out
MongoServerSelectionError: connection <monitor> to 159.143.85.37:27017 timed out
    at Topology.selectServer (D:\construction-backend-V-1\construction-backend-updated\node_modules\mongodb\lib\sdam\topology.js:327:38)
    at runNextTicks (node:internal/process/task_queues:65:5)
    at listOnTimeout (node:internal/timers:555:9)
    at process.processTimers (node:internal/timers:529:7)
    at async tryOperation (D:\construction-backend-V-1\construction-backend-updated\node_modules\mongodb\lib\operations\execute_operation.js:148:18)
    at async executeOperation (D:\construction-backend-V-1\construction-backend-updated\node_modules\mongodb\lib\operations\execute_operation.js:78:16)
    at async FindCursor._initialize (D:\construction-backend-V-1\construction-backend-updated\node_modules\mongodb\lib\cursor\find_cursor.js:62:26)
    at async FindCursor.cursorInit (D:\construction-backend-V-1\construction-backend-updated\node_modules\mongodb\lib\cursor\abstract_cursor.js:632:27)
    at async FindCursor.fetchBatch (D:\construction-backend-V-1\construction-backend-updated\node_modules\mongodb\lib\cursor\abstract_cursor.js:666:13)
    at async FindCursor.next (D:\construction-backend-V-1\construction-backend-updated\node_modules\mongodb\lib\cursor\abstract_cursor.js:342:17)
2026-06-14 21:21:52 [[31merror[39m]: connection <monitor> to 159.143.85.37:27017 timed out connection <monitor> to 159.143.85.37:27017 timed out
MongoServerSelectionError: connection <monitor> to 159.143.85.37:27017 timed out
    at Topology.selectServer (D:\construction-backend-V-1\construction-backend-updated\node_modules\mongodb\lib\sdam\topology.js:327:38)
    at async tryOperation (D:\construction-backend-V-1\construction-backend-updated\node_modules\mongodb\lib\operations\execute_operation.js:148:18)
    at async executeOperation (D:\construction-backend-V-1\construction-backend-updated\node_modules\mongodb\lib\operations\execute_operation.js:78:16)
    at async FindCursor._initialize (D:\construction-backend-V-1\construction-backend-updated\node_modules\mongodb\lib\cursor\find_cursor.js:62:26)
    at async FindCursor.cursorInit (D:\construction-backend-V-1\construction-backend-updated\node_modules\mongodb\lib\cursor\abstract_cursor.js:632:27)
    at async FindCursor.fetchBatch (D:\construction-backend-V-1\construction-backend-updated\node_modules\mongodb\lib\cursor\abstract_cursor.js:666:13)
    at async FindCursor.next (D:\construction-backend-V-1\construction-backend-updated\node_modules\mongodb\lib\cursor\abstract_cursor.js:342:17)
    at async Collection.findOne (D:\construction-backend-V-1\construction-backend-updated\node_modules\mongodb\lib\collection.js:313:24)
    at async model.Query._findOne (D:\construction-backend-V-1\construction-backend-updated\node_modules\mongoose\lib\query.js:2710:15)
    at async model.Query.exec (D:\construction-backend-V-1\construction-backend-updated\node_modules\mongoose\lib\query.js:4627:63)
2026-06-14 21:47:33 [[31merror[39m]: 70410000:error:0A000438:SSL routines:ssl3_read_bytes:tlsv1 alert internal error:c:\ws\deps\openssl\openssl\ssl\record\rec_layer_s3.c:1605:SSL alert number 80
 70410000:error:0A000438:SSL routines:ssl3_read_bytes:tlsv1 alert internal error:c:\ws\deps\openssl\openssl\ssl\record\rec_layer_s3.c:1605:SSL alert number 80

MongoServerSelectionError: 70410000:error:0A000438:SSL routines:ssl3_read_bytes:tlsv1 alert internal error:c:\ws\deps\openssl\openssl\ssl\record\rec_layer_s3.c:1605:SSL alert number 80

    at Topology.selectServer (D:\construction-backend-V-1\construction-backend-updated\node_modules\mongodb\lib\sdam\topology.js:327:38)
    at runNextTicks (node:internal/process/task_queues:65:5)
    at listOnTimeout (node:internal/timers:555:9)
    at process.processTimers (node:internal/timers:529:7)
    at async tryOperation (D:\construction-backend-V-1\construction-backend-updated\node_modules\mongodb\lib\operations\execute_operation.js:148:18)
    at async executeOperation (D:\construction-backend-V-1\construction-backend-updated\node_modules\mongodb\lib\operations\execute_operation.js:78:16)
    at async FindCursor._initialize (D:\construction-backend-V-1\construction-backend-updated\node_modules\mongodb\lib\cursor\find_cursor.js:62:26)
    at async FindCursor.cursorInit (D:\construction-backend-V-1\construction-backend-updated\node_modules\mongodb\lib\cursor\abstract_cursor.js:632:27)
    at async FindCursor.fetchBatch (D:\construction-backend-V-1\construction-backend-updated\node_modules\mongodb\lib\cursor\abstract_cursor.js:666:13)
    at async FindCursor.next (D:\construction-backend-V-1\construction-backend-updated\node_modules\mongodb\lib\cursor\abstract_cursor.js:342:17)
2026-06-14 21:47:33 [[31merror[39m]: 70410000:error:0A000438:SSL routines:ssl3_read_bytes:tlsv1 alert internal error:c:\ws\deps\openssl\openssl\ssl\record\rec_layer_s3.c:1605:SSL alert number 80
 70410000:error:0A000438:SSL routines:ssl3_read_bytes:tlsv1 alert internal error:c:\ws\deps\openssl\openssl\ssl\record\rec_layer_s3.c:1605:SSL alert number 80

MongoServerSelectionError: 70410000:error:0A000438:SSL routines:ssl3_read_bytes:tlsv1 alert internal error:c:\ws\deps\openssl\openssl\ssl\record\rec_layer_s3.c:1605:SSL alert number 80

    at Topology.selectServer (D:\construction-backend-V-1\construction-backend-updated\node_modules\mongodb\lib\sdam\topology.js:327:38)
    at async tryOperation (D:\construction-backend-V-1\construction-backend-updated\node_modules\mongodb\lib\operations\execute_operation.js:148:18)
    at async executeOperation (D:\construction-backend-V-1\construction-backend-updated\node_modules\mongodb\lib\operations\execute_operation.js:78:16)
    at async FindCursor._initialize (D:\construction-backend-V-1\construction-backend-updated\node_modules\mongodb\lib\cursor\find_cursor.js:62:26)
    at async FindCursor.cursorInit (D:\construction-backend-V-1\construction-backend-updated\node_modules\mongodb\lib\cursor\abstract_cursor.js:632:27)
    at async FindCursor.fetchBatch (D:\construction-backend-V-1\construction-backend-updated\node_modules\mongodb\lib\cursor\abstract_cursor.js:666:13)
    at async FindCursor.next (D:\construction-backend-V-1\construction-backend-updated\node_modules\mongodb\lib\cursor\abstract_cursor.js:342:17)
    at async Collection.findOne (D:\construction-backend-V-1\construction-backend-updated\node_modules\mongodb\lib\collection.js:313:24)
    at async model.Query._findOne (D:\construction-backend-V-1\construction-backend-updated\node_modules\mongoose\lib\query.js:2710:15)
    at async model.Query.exec (D:\construction-backend-V-1\construction-backend-updated\node_modules\mongoose\lib\query.js:4627:63)
2026-06-14 21:48:07 [[31merror[39m]: 70410000:error:0A000438:SSL routines:ssl3_read_bytes:tlsv1 alert internal error:c:\ws\deps\openssl\openssl\ssl\record\rec_layer_s3.c:1605:SSL alert number 80
 70410000:error:0A000438:SSL routines:ssl3_read_bytes:tlsv1 alert internal error:c:\ws\deps\openssl\openssl\ssl\record\rec_layer_s3.c:1605:SSL alert number 80

MongoServerSelectionError: 70410000:error:0A000438:SSL routines:ssl3_read_bytes:tlsv1 alert internal error:c:\ws\deps\openssl\openssl\ssl\record\rec_layer_s3.c:1605:SSL alert number 80

    at Topology.selectServer (D:\construction-backend-V-1\construction-backend-updated\node_modules\mongodb\lib\sdam\topology.js:327:38)
    at runNextTicks (node:internal/process/task_queues:65:5)
    at listOnTimeout (node:internal/timers:555:9)
    at process.processTimers (node:internal/timers:529:7)
    at async tryOperation (D:\construction-backend-V-1\construction-backend-updated\node_modules\mongodb\lib\operations\execute_operation.js:148:18)
    at async executeOperation (D:\construction-backend-V-1\construction-backend-updated\node_modules\mongodb\lib\operations\execute_operation.js:78:16)
    at async FindCursor._initialize (D:\construction-backend-V-1\construction-backend-updated\node_modules\mongodb\lib\cursor\find_cursor.js:62:26)
    at async FindCursor.cursorInit (D:\construction-backend-V-1\construction-backend-updated\node_modules\mongodb\lib\cursor\abstract_cursor.js:632:27)
    at async FindCursor.fetchBatch (D:\construction-backend-V-1\construction-backend-updated\node_modules\mongodb\lib\cursor\abstract_cursor.js:666:13)
    at async FindCursor.next (D:\construction-backend-V-1\construction-backend-updated\node_modules\mongodb\lib\cursor\abstract_cursor.js:342:17)
2026-06-14 21:48:07 [[31merror[39m]: 70410000:error:0A000438:SSL routines:ssl3_read_bytes:tlsv1 alert internal error:c:\ws\deps\openssl\openssl\ssl\record\rec_layer_s3.c:1605:SSL alert number 80
 70410000:error:0A000438:SSL routines:ssl3_read_bytes:tlsv1 alert internal error:c:\ws\deps\openssl\openssl\ssl\record\rec_layer_s3.c:1605:SSL alert number 80

MongoServerSelectionError: 70410000:error:0A000438:SSL routines:ssl3_read_bytes:tlsv1 alert internal error:c:\ws\deps\openssl\openssl\ssl\record\rec_layer_s3.c:1605:SSL alert number 80

    at Topology.selectServer (D:\construction-backend-V-1\construction-backend-updated\node_modules\mongodb\lib\sdam\topology.js:327:38)
    at async tryOperation (D:\construction-backend-V-1\construction-backend-updated\node_modules\mongodb\lib\operations\execute_operation.js:148:18)
    at async executeOperation (D:\construction-backend-V-1\construction-backend-updated\node_modules\mongodb\lib\operations\execute_operation.js:78:16)
    at async FindCursor._initialize (D:\construction-backend-V-1\construction-backend-updated\node_modules\mongodb\lib\cursor\find_cursor.js:62:26)
    at async FindCursor.cursorInit (D:\construction-backend-V-1\construction-backend-updated\node_modules\mongodb\lib\cursor\abstract_cursor.js:632:27)
    at async FindCursor.fetchBatch (D:\construction-backend-V-1\construction-backend-updated\node_modules\mongodb\lib\cursor\abstract_cursor.js:666:13)
    at async FindCursor.next (D:\construction-backend-V-1\construction-backend-updated\node_modules\mongodb\lib\cursor\abstract_cursor.js:342:17)
    at async Collection.findOne (D:\construction-backend-V-1\construction-backend-updated\node_modules\mongodb\lib\collection.js:313:24)
    at async model.Query._findOne (D:\construction-backend-V-1\construction-backend-updated\node_modules\mongoose\lib\query.js:2710:15)
    at async model.Query.exec (D:\construction-backend-V-1\construction-backend-updated\node_modules\mongoose\lib\query.js:4627:63)
2026-06-14 21:48:36 [[31merror[39m]: 70410000:error:0A000438:SSL routines:ssl3_read_bytes:tlsv1 alert internal error:c:\ws\deps\openssl\openssl\ssl\record\rec_layer_s3.c:1605:SSL alert number 80
 70410000:error:0A000438:SSL routines:ssl3_read_bytes:tlsv1 alert internal error:c:\ws\deps\openssl\openssl\ssl\record\rec_layer_s3.c:1605:SSL alert number 80

MongoServerSelectionError: 70410000:error:0A000438:SSL routines:ssl3_read_bytes:tlsv1 alert internal error:c:\ws\deps\openssl\openssl\ssl\record\rec_layer_s3.c:1605:SSL alert number 80

    at Topology.selectServer (D:\construction-backend-V-1\construction-backend-updated\node_modules\mongodb\lib\sdam\topology.js:327:38)
    at async tryOperation (D:\construction-backend-V-1\construction-backend-updated\node_modules\mongodb\lib\operations\execute_operation.js:148:18)
    at async executeOperation (D:\construction-backend-V-1\construction-backend-updated\node_modules\mongodb\lib\operations\execute_operation.js:78:16)
    at async FindCursor._initialize (D:\construction-backend-V-1\construction-backend-updated\node_modules\mongodb\lib\cursor\find_cursor.js:62:26)
    at async FindCursor.cursorInit (D:\construction-backend-V-1\construction-backend-updated\node_modules\mongodb\lib\cursor\abstract_cursor.js:632:27)
    at async FindCursor.fetchBatch (D:\construction-backend-V-1\construction-backend-updated\node_modules\mongodb\lib\cursor\abstract_cursor.js:666:13)
    at async FindCursor.next (D:\construction-backend-V-1\construction-backend-updated\node_modules\mongodb\lib\cursor\abstract_cursor.js:342:17)
    at async Collection.findOne (D:\construction-backend-V-1\construction-backend-updated\node_modules\mongodb\lib\collection.js:313:24)
    at async model.Query._findOne (D:\construction-backend-V-1\construction-backend-updated\node_modules\mongoose\lib\query.js:2710:15)
    at async model.Query.exec (D:\construction-backend-V-1\construction-backend-updated\node_modules\mongoose\lib\query.js:4627:63)
2026-06-14 21:48:42 [[31merror[39m]: 70410000:error:0A000438:SSL routines:ssl3_read_bytes:tlsv1 alert internal error:c:\ws\deps\openssl\openssl\ssl\record\rec_layer_s3.c:1605:SSL alert number 80
 70410000:error:0A000438:SSL routines:ssl3_read_bytes:tlsv1 alert internal error:c:\ws\deps\openssl\openssl\ssl\record\rec_layer_s3.c:1605:SSL alert number 80

MongoServerSelectionError: 70410000:error:0A000438:SSL routines:ssl3_read_bytes:tlsv1 alert internal error:c:\ws\deps\openssl\openssl\ssl\record\rec_layer_s3.c:1605:SSL alert number 80

    at Topology.selectServer (D:\construction-backend-V-1\construction-backend-updated\node_modules\mongodb\lib\sdam\topology.js:327:38)
    at async tryOperation (D:\construction-backend-V-1\construction-backend-updated\node_modules\mongodb\lib\operations\execute_operation.js:148:18)
    at async executeOperation (D:\construction-backend-V-1\construction-backend-updated\node_modules\mongodb\lib\operations\execute_operation.js:78:16)
    at async FindCursor._initialize (D:\construction-backend-V-1\construction-backend-updated\node_modules\mongodb\lib\cursor\find_cursor.js:62:26)
    at async FindCursor.cursorInit (D:\construction-backend-V-1\construction-backend-updated\node_modules\mongodb\lib\cursor\abstract_cursor.js:632:27)
    at async FindCursor.fetchBatch (D:\construction-backend-V-1\construction-backend-updated\node_modules\mongodb\lib\cursor\abstract_cursor.js:666:13)
    at async FindCursor.next (D:\construction-backend-V-1\construction-backend-updated\node_modules\mongodb\lib\cursor\abstract_cursor.js:342:17)
    at async Collection.findOne (D:\construction-backend-V-1\construction-backend-updated\node_modules\mongodb\lib\collection.js:313:24)
    at async model.Query._findOne (D:\construction-backend-V-1\construction-backend-updated\node_modules\mongoose\lib\query.js:2710:15)
    at async model.Query.exec (D:\construction-backend-V-1\construction-backend-updated\node_modules\mongoose\lib\query.js:4627:63)
2026-06-14 21:49:04 [[31merror[39m]: MongoDB connection error: Could not connect to any servers in your MongoDB Atlas cluster. One common reason is that you're trying to access the database from an IP that isn't whitelisted. Make sure your current IP address is on your Atlas cluster's IP whitelist: https://www.mongodb.com/docs/atlas/security-whitelist/
2026-06-14 21:49:34 [[31merror[39m]: MongoDB connection error: B84D0000:error:0A000438:SSL routines:ssl3_read_bytes:tlsv1 alert internal error:c:\ws\deps\openssl\openssl\ssl\record\rec_layer_s3.c:1605:SSL alert number 80

2026-06-14 21:50:03 [[31merror[39m]: MongoDB connection error: 344C0000:error:0A000438:SSL routines:ssl3_read_bytes:tlsv1 alert internal error:c:\ws\deps\openssl\openssl\ssl\record\rec_layer_s3.c:1605:SSL alert number 80

2026-06-14 21:54:26 [[31merror[39m]: MongoDB connection error: 904C0000:error:0A000438:SSL routines:ssl3_read_bytes:tlsv1 alert internal error:c:\ws\deps\openssl\openssl\ssl\record\rec_layer_s3.c:1605:SSL alert number 80

2026-06-14 21:56:39 [[31merror[39m]: MongoDB connection error: F8470000:error:0A000438:SSL routines:ssl3_read_bytes:tlsv1 alert internal error:c:\ws\deps\openssl\openssl\ssl\record\rec_layer_s3.c:1605:SSL alert number 80

2026-06-15 07:47:12 [[31merror[39m]: MongoDB connection error: Could not connect to any servers in your MongoDB Atlas cluster. One common reason is that you're trying to access the database from an IP that isn't whitelisted. Make sure your current IP address is on your Atlas cluster's IP whitelist: https://www.mongodb.com/docs/atlas/security-whitelist/
2026-06-15 07:48:31 [[32minfo[39m]: MongoDB connected: ac-txgfmyu-shard-00-01.4bjwysu.mongodb.net
2026-06-15 07:48:31 [[32minfo[39m]: Server running in development mode on port 5000
2026-06-15 08:35:36 [[32minfo[39m]: MongoDB connected: ac-txgfmyu-shard-00-02.4bjwysu.mongodb.net
2026-06-15 08:35:36 [[32minfo[39m]: Server running in development mode on port 5000
2026-06-15 12:46:15 [[31merror[39m]: Employee validation failed: baseSalary: Path `baseSalary` is required., role: Path `role` is required. Employee validation failed: baseSalary: Path `baseSalary` is required., role: Path `role` is required.
ValidationError: Employee validation failed: baseSalary: Path `baseSalary` is required., role: Path `role` is required.
    at Document.invalidate (D:\construction-backend-V-1\construction-backend-updated\node_modules\mongoose\lib\document.js:3381:32)
    at D:\construction-backend-V-1\construction-backend-updated\node_modules\mongoose\lib\document.js:3142:17
    at D:\construction-backend-V-1\construction-backend-updated\node_modules\mongoose\lib\schemaType.js:1443:9
    at process.processTicksAndRejections (node:internal/process/task_queues:85:11)
2026-06-15 12:46:25 [[31merror[39m]: Employee validation failed: baseSalary: Path `baseSalary` is required., role: Path `role` is required. Employee validation failed: baseSalary: Path `baseSalary` is required., role: Path `role` is required.
ValidationError: Employee validation failed: baseSalary: Path `baseSalary` is required., role: Path `role` is required.
    at Document.invalidate (D:\construction-backend-V-1\construction-backend-updated\node_modules\mongoose\lib\document.js:3381:32)
    at D:\construction-backend-V-1\construction-backend-updated\node_modules\mongoose\lib\document.js:3142:17
    at D:\construction-backend-V-1\construction-backend-updated\node_modules\mongoose\lib\schemaType.js:1443:9
    at process.processTicksAndRejections (node:internal/process/task_queues:85:11)
2026-06-15 12:46:34 [[31merror[39m]: Employee validation failed: baseSalary: Path `baseSalary` is required., role: Path `role` is required. Employee validation failed: baseSalary: Path `baseSalary` is required., role: Path `role` is required.
ValidationError: Employee validation failed: baseSalary: Path `baseSalary` is required., role: Path `role` is required.
    at Document.invalidate (D:\construction-backend-V-1\construction-backend-updated\node_modules\mongoose\lib\document.js:3381:32)
    at D:\construction-backend-V-1\construction-backend-updated\node_modules\mongoose\lib\document.js:3142:17
    at D:\construction-backend-V-1\construction-backend-updated\node_modules\mongoose\lib\schemaType.js:1443:9
    at process.processTicksAndRejections (node:internal/process/task_queues:85:11)
2026-06-15 12:55:45 [[31merror[39m]: Employee validation failed: baseSalary: Path `baseSalary` is required., role: Path `role` is required. Employee validation failed: baseSalary: Path `baseSalary` is required., role: Path `role` is required.
ValidationError: Employee validation failed: baseSalary: Path `baseSalary` is required., role: Path `role` is required.
    at Document.invalidate (D:\construction-backend-V-1\construction-backend-updated\node_modules\mongoose\lib\document.js:3381:32)
    at D:\construction-backend-V-1\construction-backend-updated\node_modules\mongoose\lib\document.js:3142:17
    at D:\construction-backend-V-1\construction-backend-updated\node_modules\mongoose\lib\schemaType.js:1443:9
    at process.processTicksAndRejections (node:internal/process/task_queues:85:11)
2026-06-15 12:55:54 [[32minfo[39m]: MongoDB connected: ac-txgfmyu-shard-00-00.4bjwysu.mongodb.net
2026-06-15 12:55:54 [[32minfo[39m]: Server running in development mode on port 5000
2026-06-15 12:57:26 [[31merror[39m]: Employee validation failed: baseSalary: Cast to Number failed for value "NaN" (type number) at path "baseSalary", role: Path `role` is required. Employee validation failed: baseSalary: Cast to Number failed for value "NaN" (type number) at path "baseSalary", role: Path `role` is required.
ValidationError: Employee validation failed: baseSalary: Cast to Number failed for value "NaN" (type number) at path "baseSalary", role: Path `role` is required.
    at Document.invalidate (D:\construction-backend-V-1\construction-backend-updated\node_modules\mongoose\lib\document.js:3381:32)
    at model.$set (D:\construction-backend-V-1\construction-backend-updated\node_modules\mongoose\lib\document.js:1498:12)
    at model.$set (D:\construction-backend-V-1\construction-backend-updated\node_modules\mongoose\lib\document.js:1150:16)
    at model.Document (D:\construction-backend-V-1\construction-backend-updated\node_modules\mongoose\lib\document.js:180:12)
    at model.Model (D:\construction-backend-V-1\construction-backend-updated\node_modules\mongoose\lib\model.js:127:12)
    at new model (D:\construction-backend-V-1\construction-backend-updated\node_modules\mongoose\lib\model.js:4866:15)
    at D:\construction-backend-V-1\construction-backend-updated\node_modules\mongoose\lib\model.js:2791:20
    at Array.map (<anonymous>)
    at Function.create (D:\construction-backend-V-1\construction-backend-updated\node_modules\mongoose\lib\model.js:2779:34)
    at createEmployee (file:///D:/construction-backend-V-1/construction-backend-updated/src/controllers/employee.controller.js:10:37)
2026-06-15 12:58:19 [[31merror[39m]: Employee validation failed: baseSalary: Cast to Number failed for value "NaN" (type number) at path "baseSalary", role: Path `role` is required. Employee validation failed: baseSalary: Cast to Number failed for value "NaN" (type number) at path "baseSalary", role: Path `role` is required.
ValidationError: Employee validation failed: baseSalary: Cast to Number failed for value "NaN" (type number) at path "baseSalary", role: Path `role` is required.
    at Document.invalidate (D:\construction-backend-V-1\construction-backend-updated\node_modules\mongoose\lib\document.js:3381:32)
    at model.$set (D:\construction-backend-V-1\construction-backend-updated\node_modules\mongoose\lib\document.js:1498:12)
    at model.$set (D:\construction-backend-V-1\construction-backend-updated\node_modules\mongoose\lib\document.js:1150:16)
    at model.Document (D:\construction-backend-V-1\construction-backend-updated\node_modules\mongoose\lib\document.js:180:12)
    at model.Model (D:\construction-backend-V-1\construction-backend-updated\node_modules\mongoose\lib\model.js:127:12)
    at new model (D:\construction-backend-V-1\construction-backend-updated\node_modules\mongoose\lib\model.js:4866:15)
    at D:\construction-backend-V-1\construction-backend-updated\node_modules\mongoose\lib\model.js:2791:20
    at Array.map (<anonymous>)
    at Function.create (D:\construction-backend-V-1\construction-backend-updated\node_modules\mongoose\lib\model.js:2779:34)
    at createEmployee (file:///D:/construction-backend-V-1/construction-backend-updated/src/controllers/employee.controller.js:10:37)
2026-06-15 12:58:28 [[31merror[39m]: Employee validation failed: baseSalary: Cast to Number failed for value "NaN" (type number) at path "baseSalary", role: Path `role` is required. Employee validation failed: baseSalary: Cast to Number failed for value "NaN" (type number) at path "baseSalary", role: Path `role` is required.
ValidationError: Employee validation failed: baseSalary: Cast to Number failed for value "NaN" (type number) at path "baseSalary", role: Path `role` is required.
    at Document.invalidate (D:\construction-backend-V-1\construction-backend-updated\node_modules\mongoose\lib\document.js:3381:32)
    at model.$set (D:\construction-backend-V-1\construction-backend-updated\node_modules\mongoose\lib\document.js:1498:12)
    at model.$set (D:\construction-backend-V-1\construction-backend-updated\node_modules\mongoose\lib\document.js:1150:16)
    at model.Document (D:\construction-backend-V-1\construction-backend-updated\node_modules\mongoose\lib\document.js:180:12)
    at model.Model (D:\construction-backend-V-1\construction-backend-updated\node_modules\mongoose\lib\model.js:127:12)
    at new model (D:\construction-backend-V-1\construction-backend-updated\node_modules\mongoose\lib\model.js:4866:15)
    at D:\construction-backend-V-1\construction-backend-updated\node_modules\mongoose\lib\model.js:2791:20
    at Array.map (<anonymous>)
    at Function.create (D:\construction-backend-V-1\construction-backend-updated\node_modules\mongoose\lib\model.js:2779:34)
    at createEmployee (file:///D:/construction-backend-V-1/construction-backend-updated/src/controllers/employee.controller.js:10:37)
2026-06-15 13:52:56 [[31merror[39m]: connect ETIMEDOUT 159.143.85.1:27017 connect ETIMEDOUT 159.143.85.1:27017
MongoServerSelectionError: connect ETIMEDOUT 159.143.85.1:27017
    at Topology.selectServer (D:\construction-backend-V-1\construction-backend-updated\node_modules\mongodb\lib\sdam\topology.js:327:38)
    at async tryOperation (D:\construction-backend-V-1\construction-backend-updated\node_modules\mongodb\lib\operations\execute_operation.js:148:18)
    at async executeOperation (D:\construction-backend-V-1\construction-backend-updated\node_modules\mongodb\lib\operations\execute_operation.js:78:16)
    at async FindCursor._initialize (D:\construction-backend-V-1\construction-backend-updated\node_modules\mongodb\lib\cursor\find_cursor.js:62:26)
    at async FindCursor.cursorInit (D:\construction-backend-V-1\construction-backend-updated\node_modules\mongodb\lib\cursor\abstract_cursor.js:632:27)
    at async FindCursor.fetchBatch (D:\construction-backend-V-1\construction-backend-updated\node_modules\mongodb\lib\cursor\abstract_cursor.js:666:13)
    at async FindCursor.next (D:\construction-backend-V-1\construction-backend-updated\node_modules\mongodb\lib\cursor\abstract_cursor.js:342:17)
    at async Collection.findOne (D:\construction-backend-V-1\construction-backend-updated\node_modules\mongodb\lib\collection.js:313:24)
    at async model.Query._findOne (D:\construction-backend-V-1\construction-backend-updated\node_modules\mongoose\lib\query.js:2710:15)
    at async model.Query.exec (D:\construction-backend-V-1\construction-backend-updated\node_modules\mongoose\lib\query.js:4627:63)
2026-06-15 13:52:56 [[31merror[39m]: connect ETIMEDOUT 159.143.85.1:27017 connect ETIMEDOUT 159.143.85.1:27017
MongoServerSelectionError: connect ETIMEDOUT 159.143.85.1:27017
    at Topology.selectServer (D:\construction-backend-V-1\construction-backend-updated\node_modules\mongodb\lib\sdam\topology.js:327:38)
    at async tryOperation (D:\construction-backend-V-1\construction-backend-updated\node_modules\mongodb\lib\operations\execute_operation.js:148:18)
    at async executeOperation (D:\construction-backend-V-1\construction-backend-updated\node_modules\mongodb\lib\operations\execute_operation.js:78:16)
    at async FindCursor._initialize (D:\construction-backend-V-1\construction-backend-updated\node_modules\mongodb\lib\cursor\find_cursor.js:62:26)
    at async FindCursor.cursorInit (D:\construction-backend-V-1\construction-backend-updated\node_modules\mongodb\lib\cursor\abstract_cursor.js:632:27)
    at async FindCursor.fetchBatch (D:\construction-backend-V-1\construction-backend-updated\node_modules\mongodb\lib\cursor\abstract_cursor.js:666:13)
    at async FindCursor.next (D:\construction-backend-V-1\construction-backend-updated\node_modules\mongodb\lib\cursor\abstract_cursor.js:342:17)
    at async Collection.findOne (D:\construction-backend-V-1\construction-backend-updated\node_modules\mongodb\lib\collection.js:313:24)
    at async model.Query._findOne (D:\construction-backend-V-1\construction-backend-updated\node_modules\mongoose\lib\query.js:2710:15)
    at async model.Query.exec (D:\construction-backend-V-1\construction-backend-updated\node_modules\mongoose\lib\query.js:4627:63)
2026-06-15 13:53:00 [[31merror[39m]: connect ETIMEDOUT 159.143.85.1:27017 connect ETIMEDOUT 159.143.85.1:27017
MongoServerSelectionError: connect ETIMEDOUT 159.143.85.1:27017
    at Topology.selectServer (D:\construction-backend-V-1\construction-backend-updated\node_modules\mongodb\lib\sdam\topology.js:327:38)
    at runNextTicks (node:internal/process/task_queues:65:5)
    at listOnTimeout (node:internal/timers:555:9)
    at process.processTimers (node:internal/timers:529:7)
    at async tryOperation (D:\construction-backend-V-1\construction-backend-updated\node_modules\mongodb\lib\operations\execute_operation.js:148:18)
    at async executeOperation (D:\construction-backend-V-1\construction-backend-updated\node_modules\mongodb\lib\operations\execute_operation.js:78:16)
    at async FindCursor._initialize (D:\construction-backend-V-1\construction-backend-updated\node_modules\mongodb\lib\cursor\find_cursor.js:62:26)
    at async FindCursor.cursorInit (D:\construction-backend-V-1\construction-backend-updated\node_modules\mongodb\lib\cursor\abstract_cursor.js:632:27)
    at async FindCursor.fetchBatch (D:\construction-backend-V-1\construction-backend-updated\node_modules\mongodb\lib\cursor\abstract_cursor.js:666:13)
    at async FindCursor.next (D:\construction-backend-V-1\construction-backend-updated\node_modules\mongodb\lib\cursor\abstract_cursor.js:342:17)
2026-06-15 13:53:00 [[31merror[39m]: connect ETIMEDOUT 159.143.85.1:27017 connect ETIMEDOUT 159.143.85.1:27017
MongoServerSelectionError: connect ETIMEDOUT 159.143.85.1:27017
    at Topology.selectServer (D:\construction-backend-V-1\construction-backend-updated\node_modules\mongodb\lib\sdam\topology.js:327:38)
    at async tryOperation (D:\construction-backend-V-1\construction-backend-updated\node_modules\mongodb\lib\operations\execute_operation.js:148:18)
    at async executeOperation (D:\construction-backend-V-1\construction-backend-updated\node_modules\mongodb\lib\operations\execute_operation.js:78:16)
    at async FindCursor._initialize (D:\construction-backend-V-1\construction-backend-updated\node_modules\mongodb\lib\cursor\find_cursor.js:62:26)
    at async FindCursor.cursorInit (D:\construction-backend-V-1\construction-backend-updated\node_modules\mongodb\lib\cursor\abstract_cursor.js:632:27)
    at async FindCursor.fetchBatch (D:\construction-backend-V-1\construction-backend-updated\node_modules\mongodb\lib\cursor\abstract_cursor.js:666:13)
    at async FindCursor.next (D:\construction-backend-V-1\construction-backend-updated\node_modules\mongodb\lib\cursor\abstract_cursor.js:342:17)
    at async Collection.findOne (D:\construction-backend-V-1\construction-backend-updated\node_modules\mongodb\lib\collection.js:313:24)
    at async model.Query._findOne (D:\construction-backend-V-1\construction-backend-updated\node_modules\mongoose\lib\query.js:2710:15)
    at async model.Query.exec (D:\construction-backend-V-1\construction-backend-updated\node_modules\mongoose\lib\query.js:4627:63)
2026-06-15 18:05:49 [[31merror[39m]: MongoDB connection error: Could not connect to any servers in your MongoDB Atlas cluster. One common reason is that you're trying to access the database from an IP that isn't whitelisted. Make sure your current IP address is on your Atlas cluster's IP whitelist: https://www.mongodb.com/docs/atlas/security-whitelist/
2026-06-15 18:08:44 [[32minfo[39m]: MongoDB connected: ac-txgfmyu-shard-00-01.4bjwysu.mongodb.net
2026-06-15 18:08:44 [[32minfo[39m]: Server running in development mode on port 5000
2026-06-15 19:44:05 [[32minfo[39m]: MongoDB connected: ac-txgfmyu-shard-00-01.4bjwysu.mongodb.net
2026-06-15 19:44:05 [[32minfo[39m]: Server running in development mode on port 5000
2026-06-15 19:44:57 [[32minfo[39m]: MongoDB connected: ac-txgfmyu-shard-00-02.4bjwysu.mongodb.net
2026-06-15 19:44:57 [[32minfo[39m]: Server running in development mode on port 5000
2026-06-16 17:57:53 [[31merror[39m]: MongoDB connection error: Could not connect to any servers in your MongoDB Atlas cluster. One common reason is that you're trying to access the database from an IP that isn't whitelisted. Make sure your current IP address is on your Atlas cluster's IP whitelist: https://www.mongodb.com/docs/atlas/security-whitelist/
2026-06-16 17:59:21 [[32minfo[39m]: MongoDB connected: ac-txgfmyu-shard-00-00.4bjwysu.mongodb.net
2026-06-16 17:59:21 [[32minfo[39m]: Server running in development mode on port 5000
2026-06-16 18:17:06 [[32minfo[39m]: MongoDB connected: ac-txgfmyu-shard-00-00.4bjwysu.mongodb.net
2026-06-16 18:17:06 [[32minfo[39m]: Server running in development mode on port 5000
2026-06-16 19:09:13 [[32minfo[39m]: MongoDB connected: ac-txgfmyu-shard-00-01.4bjwysu.mongodb.net
2026-06-16 19:09:13 [[32minfo[39m]: Server running in development mode on port 5000
2026-06-16 19:09:32 [[31merror[39m]: Invoice validation failed: items.1.variantId: Path `variantId` is required. Invoice validation failed: items.1.variantId: Path `variantId` is required.
ValidationError: Invoice validation failed: items.1.variantId: Path `variantId` is required.
    at Document.invalidate (D:\construction-backend-V-1\construction-backend-updated\node_modules\mongoose\lib\document.js:3381:32)
    at Subdocument.invalidate (D:\construction-backend-V-1\construction-backend-updated\node_modules\mongoose\lib\types\subdocument.js:257:12)
    at D:\construction-backend-V-1\construction-backend-updated\node_modules\mongoose\lib\document.js:3142:17
    at D:\construction-backend-V-1\construction-backend-updated\node_modules\mongoose\lib\schemaType.js:1443:9
    at process.processTicksAndRejections (node:internal/process/task_queues:85:11)
2026-06-16 19:09:44 [[31merror[39m]: Invoice validation failed: items.1.variantId: Path `variantId` is required. Invoice validation failed: items.1.variantId: Path `variantId` is required.
ValidationError: Invoice validation failed: items.1.variantId: Path `variantId` is required.
    at Document.invalidate (D:\construction-backend-V-1\construction-backend-updated\node_modules\mongoose\lib\document.js:3381:32)
    at Subdocument.invalidate (D:\construction-backend-V-1\construction-backend-updated\node_modules\mongoose\lib\types\subdocument.js:257:12)
    at D:\construction-backend-V-1\construction-backend-updated\node_modules\mongoose\lib\document.js:3142:17
    at D:\construction-backend-V-1\construction-backend-updated\node_modules\mongoose\lib\schemaType.js:1443:9
    at process.processTicksAndRejections (node:internal/process/task_queues:85:11)
2026-06-16 19:09:53 [[31merror[39m]: Invoice validation failed: items.1.variantId: Path `variantId` is required. Invoice validation failed: items.1.variantId: Path `variantId` is required.
ValidationError: Invoice validation failed: items.1.variantId: Path `variantId` is required.
    at Document.invalidate (D:\construction-backend-V-1\construction-backend-updated\node_modules\mongoose\lib\document.js:3381:32)
    at Subdocument.invalidate (D:\construction-backend-V-1\construction-backend-updated\node_modules\mongoose\lib\types\subdocument.js:257:12)
    at D:\construction-backend-V-1\construction-backend-updated\node_modules\mongoose\lib\document.js:3142:17
    at D:\construction-backend-V-1\construction-backend-updated\node_modules\mongoose\lib\schemaType.js:1443:9
    at process.processTicksAndRejections (node:internal/process/task_queues:85:11)
2026-06-16 19:13:59 [[31merror[39m]: Invoice validation failed: items.1.variantId: Path `variantId` is required. Invoice validation failed: items.1.variantId: Path `variantId` is required.
ValidationError: Invoice validation failed: items.1.variantId: Path `variantId` is required.
    at Document.invalidate (D:\construction-backend-V-1\construction-backend-updated\node_modules\mongoose\lib\document.js:3381:32)
    at Subdocument.invalidate (D:\construction-backend-V-1\construction-backend-updated\node_modules\mongoose\lib\types\subdocument.js:257:12)
    at D:\construction-backend-V-1\construction-backend-updated\node_modules\mongoose\lib\document.js:3142:17
    at D:\construction-backend-V-1\construction-backend-updated\node_modules\mongoose\lib\schemaType.js:1443:9
    at process.processTicksAndRejections (node:internal/process/task_queues:85:11)
2026-06-16 19:14:14 [[32minfo[39m]: MongoDB connected: ac-txgfmyu-shard-00-02.4bjwysu.mongodb.net
2026-06-16 19:14:14 [[32minfo[39m]: Server running in development mode on port 5000
2026-06-18 18:44:38 [[31merror[39m]: MongoDB connection error: Could not connect to any servers in your MongoDB Atlas cluster. One common reason is that you're trying to access the database from an IP that isn't whitelisted. Make sure your current IP address is on your Atlas cluster's IP whitelist: https://www.mongodb.com/docs/atlas/security-whitelist/
2026-06-18 18:45:56 [[32minfo[39m]: MongoDB connected: ac-txgfmyu-shard-00-01.4bjwysu.mongodb.net
2026-06-18 18:45:56 [[32minfo[39m]: Server running in development mode on port 5000
2026-06-19 07:04:51 [[32minfo[39m]: MongoDB connected: ac-txgfmyu-shard-00-02.4bjwysu.mongodb.net
2026-06-19 07:04:51 [[32minfo[39m]: Server running in development mode on port 5000
2026-06-19 16:05:11 [[31merror[39m]: MongoDB connection error: Could not connect to any servers in your MongoDB Atlas cluster. One common reason is that you're trying to access the database from an IP that isn't whitelisted. Make sure your current IP address is on your Atlas cluster's IP whitelist: https://www.mongodb.com/docs/atlas/security-whitelist/
2026-06-19 16:07:19 [[32minfo[39m]: MongoDB connected: ac-txgfmyu-shard-00-00.4bjwysu.mongodb.net
2026-06-19 16:07:19 [[32minfo[39m]: Server running in development mode on port 5000
2026-06-19 18:10:16 [[32minfo[39m]: MongoDB connected: ac-txgfmyu-shard-00-00.4bjwysu.mongodb.net
2026-06-19 18:10:16 [[32minfo[39m]: Server running in development mode on port 5000
2026-06-20 08:39:49 [[32minfo[39m]: MongoDB connected: ac-txgfmyu-shard-00-01.4bjwysu.mongodb.net
2026-06-20 08:39:49 [[32minfo[39m]: Server running in development mode on port 5000
2026-06-20 16:15:16 [[31merror[39m]: 505C0100:error:0A000438:SSL routines:ssl3_read_bytes:tlsv1 alert internal error:c:\ws\deps\openssl\openssl\ssl\record\rec_layer_s3.c:1605:SSL alert number 80
 505C0100:error:0A000438:SSL routines:ssl3_read_bytes:tlsv1 alert internal error:c:\ws\deps\openssl\openssl\ssl\record\rec_layer_s3.c:1605:SSL alert number 80

MongoServerSelectionError: 505C0100:error:0A000438:SSL routines:ssl3_read_bytes:tlsv1 alert internal error:c:\ws\deps\openssl\openssl\ssl\record\rec_layer_s3.c:1605:SSL alert number 80

    at Topology.selectServer (D:\construction-backend-V-1\construction-backend-updated\node_modules\mongodb\lib\sdam\topology.js:327:38)
    at async tryOperation (D:\construction-backend-V-1\construction-backend-updated\node_modules\mongodb\lib\operations\execute_operation.js:148:18)
    at async executeOperation (D:\construction-backend-V-1\construction-backend-updated\node_modules\mongodb\lib\operations\execute_operation.js:78:16)
    at async FindCursor._initialize (D:\construction-backend-V-1\construction-backend-updated\node_modules\mongodb\lib\cursor\find_cursor.js:62:26)
    at async FindCursor.cursorInit (D:\construction-backend-V-1\construction-backend-updated\node_modules\mongodb\lib\cursor\abstract_cursor.js:632:27)
    at async FindCursor.fetchBatch (D:\construction-backend-V-1\construction-backend-updated\node_modules\mongodb\lib\cursor\abstract_cursor.js:666:13)
    at async FindCursor.next (D:\construction-backend-V-1\construction-backend-updated\node_modules\mongodb\lib\cursor\abstract_cursor.js:342:17)
    at async Collection.findOne (D:\construction-backend-V-1\construction-backend-updated\node_modules\mongodb\lib\collection.js:313:24)
    at async model.Query._findOne (D:\construction-backend-V-1\construction-backend-updated\node_modules\mongoose\lib\query.js:2710:15)
    at async model.Query.exec (D:\construction-backend-V-1\construction-backend-updated\node_modules\mongoose\lib\query.js:4627:63)
2026-06-20 16:15:16 [[31merror[39m]: 505C0100:error:0A000438:SSL routines:ssl3_read_bytes:tlsv1 alert internal error:c:\ws\deps\openssl\openssl\ssl\record\rec_layer_s3.c:1605:SSL alert number 80
 505C0100:error:0A000438:SSL routines:ssl3_read_bytes:tlsv1 alert internal error:c:\ws\deps\openssl\openssl\ssl\record\rec_layer_s3.c:1605:SSL alert number 80

MongoServerSelectionError: 505C0100:error:0A000438:SSL routines:ssl3_read_bytes:tlsv1 alert internal error:c:\ws\deps\openssl\openssl\ssl\record\rec_layer_s3.c:1605:SSL alert number 80

    at Topology.selectServer (D:\construction-backend-V-1\construction-backend-updated\node_modules\mongodb\lib\sdam\topology.js:327:38)
    at async tryOperation (D:\construction-backend-V-1\construction-backend-updated\node_modules\mongodb\lib\operations\execute_operation.js:148:18)
    at async executeOperation (D:\construction-backend-V-1\construction-backend-updated\node_modules\mongodb\lib\operations\execute_operation.js:78:16)
    at async FindCursor._initialize (D:\construction-backend-V-1\construction-backend-updated\node_modules\mongodb\lib\cursor\find_cursor.js:62:26)
    at async FindCursor.cursorInit (D:\construction-backend-V-1\construction-backend-updated\node_modules\mongodb\lib\cursor\abstract_cursor.js:632:27)
    at async FindCursor.fetchBatch (D:\construction-backend-V-1\construction-backend-updated\node_modules\mongodb\lib\cursor\abstract_cursor.js:666:13)
    at async FindCursor.next (D:\construction-backend-V-1\construction-backend-updated\node_modules\mongodb\lib\cursor\abstract_cursor.js:342:17)
    at async Collection.findOne (D:\construction-backend-V-1\construction-backend-updated\node_modules\mongodb\lib\collection.js:313:24)
    at async model.Query._findOne (D:\construction-backend-V-1\construction-backend-updated\node_modules\mongoose\lib\query.js:2710:15)
    at async model.Query.exec (D:\construction-backend-V-1\construction-backend-updated\node_modules\mongoose\lib\query.js:4627:63)
2026-06-20 16:15:36 [[31merror[39m]: MongoDB connection error: Could not connect to any servers in your MongoDB Atlas cluster. One common reason is that you're trying to access the database from an IP that isn't whitelisted. Make sure your current IP address is on your Atlas cluster's IP whitelist: https://www.mongodb.com/docs/atlas/security-whitelist/
2026-06-20 16:16:27 [[32minfo[39m]: MongoDB connected: ac-txgfmyu-shard-00-00.4bjwysu.mongodb.net
2026-06-20 16:16:27 [[32minfo[39m]: Server running in development mode on port 5000
2026-06-20 16:30:55 [[32minfo[39m]: MongoDB connected: ac-txgfmyu-shard-00-01.4bjwysu.mongodb.net
2026-06-20 16:30:55 [[32minfo[39m]: Server running in development mode on port 5000
2026-06-20 21:25:13 [[31merror[39m]: MongoDB connection error: Could not connect to any servers in your MongoDB Atlas cluster. One common reason is that you're trying to access the database from an IP that isn't whitelisted. Make sure your current IP address is on your Atlas cluster's IP whitelist: https://www.mongodb.com/docs/atlas/security-whitelist/
2026-06-20 21:26:41 [[31merror[39m]: MongoDB connection error: 20A80000:error:0A000438:SSL routines:ssl3_read_bytes:tlsv1 alert internal error:c:\ws\deps\openssl\openssl\ssl\record\rec_layer_s3.c:1605:SSL alert number 80

2026-06-20 21:32:57 [[31merror[39m]: MongoDB connection error: 784D0000:error:0A000438:SSL routines:ssl3_read_bytes:tlsv1 alert internal error:c:\ws\deps\openssl\openssl\ssl\record\rec_layer_s3.c:1605:SSL alert number 80

2026-06-20 21:35:48 [[31merror[39m]: MongoDB connection error: connect ECONNREFUSED 159.143.85.37:27017
2026-06-20 21:37:46 [[32minfo[39m]: MongoDB connected: ac-txgfmyu-shard-00-02.4bjwysu.mongodb.net
2026-06-20 21:37:46 [[32minfo[39m]: Server running in development mode on port 5000
2026-06-20 22:06:17 [[32minfo[39m]: MongoDB connected: ac-txgfmyu-shard-00-02.4bjwysu.mongodb.net
2026-06-20 22:06:17 [[32minfo[39m]: Server running in development mode on port 5000
2026-06-21 22:51:26 [[31merror[39m]: MongoDB connection error: Could not connect to any servers in your MongoDB Atlas cluster. One common reason is that you're trying to access the database from an IP that isn't whitelisted. Make sure your current IP address is on your Atlas cluster's IP whitelist: https://www.mongodb.com/docs/atlas/security-whitelist/
2026-06-21 22:52:17 [[32minfo[39m]: MongoDB connected: ac-txgfmyu-shard-00-01.4bjwysu.mongodb.net
2026-06-21 22:52:17 [[32minfo[39m]: Server running in development mode on port 5000
2026-06-22 21:16:03 [[31merror[39m]: MongoDB connection error: Could not connect to any servers in your MongoDB Atlas cluster. One common reason is that you're trying to access the database from an IP that isn't whitelisted. Make sure your current IP address is on your Atlas cluster's IP whitelist: https://www.mongodb.com/docs/atlas/security-whitelist/
2026-06-22 21:19:05 [[31merror[39m]: MongoDB connection error: 0C4F0000:error:0A000438:SSL routines:ssl3_read_bytes:tlsv1 alert internal error:c:\ws\deps\openssl\openssl\ssl\record\rec_layer_s3.c:1605:SSL alert number 80

2026-06-22 21:19:41 [[31merror[39m]: MongoDB connection error: 805D0000:error:0A000438:SSL routines:ssl3_read_bytes:tlsv1 alert internal error:c:\ws\deps\openssl\openssl\ssl\record\rec_layer_s3.c:1605:SSL alert number 80

2026-06-22 21:24:13 [[31merror[39m]: MongoDB connection error: C03D0000:error:0A000438:SSL routines:ssl3_read_bytes:tlsv1 alert internal error:c:\ws\deps\openssl\openssl\ssl\record\rec_layer_s3.c:1605:SSL alert number 80

2026-06-22 21:25:26 [[32minfo[39m]: MongoDB connected: ac-txgfmyu-shard-00-02.4bjwysu.mongodb.net
2026-06-22 21:25:26 [[32minfo[39m]: Server running in development mode on port 5000
2026-06-22 21:39:32 [[31merror[39m]: 882D0000:error:0A000438:SSL routines:ssl3_read_bytes:tlsv1 alert internal error:c:\ws\deps\openssl\openssl\ssl\record\rec_layer_s3.c:1605:SSL alert number 80
 882D0000:error:0A000438:SSL routines:ssl3_read_bytes:tlsv1 alert internal error:c:\ws\deps\openssl\openssl\ssl\record\rec_layer_s3.c:1605:SSL alert number 80

MongoServerSelectionError: 882D0000:error:0A000438:SSL routines:ssl3_read_bytes:tlsv1 alert internal error:c:\ws\deps\openssl\openssl\ssl\record\rec_layer_s3.c:1605:SSL alert number 80

    at Topology.selectServer (D:\construction-backend-V-1\construction-backend-updated\node_modules\mongodb\lib\sdam\topology.js:327:38)
    at async tryOperation (D:\construction-backend-V-1\construction-backend-updated\node_modules\mongodb\lib\operations\execute_operation.js:148:18)
    at async executeOperation (D:\construction-backend-V-1\construction-backend-updated\node_modules\mongodb\lib\operations\execute_operation.js:78:16)
    at async FindCursor._initialize (D:\construction-backend-V-1\construction-backend-updated\node_modules\mongodb\lib\cursor\find_cursor.js:62:26)
    at async FindCursor.cursorInit (D:\construction-backend-V-1\construction-backend-updated\node_modules\mongodb\lib\cursor\abstract_cursor.js:632:27)
    at async FindCursor.fetchBatch (D:\construction-backend-V-1\construction-backend-updated\node_modules\mongodb\lib\cursor\abstract_cursor.js:666:13)
    at async FindCursor.next (D:\construction-backend-V-1\construction-backend-updated\node_modules\mongodb\lib\cursor\abstract_cursor.js:342:17)
    at async Collection.findOne (D:\construction-backend-V-1\construction-backend-updated\node_modules\mongodb\lib\collection.js:313:24)
    at async model.Query._findOne (D:\construction-backend-V-1\construction-backend-updated\node_modules\mongoose\lib\query.js:2710:15)
    at async model.Query.exec (D:\construction-backend-V-1\construction-backend-updated\node_modules\mongoose\lib\query.js:4627:63)
2026-06-22 21:39:51 [[31merror[39m]: 882D0000:error:0A000438:SSL routines:ssl3_read_bytes:tlsv1 alert internal error:c:\ws\deps\openssl\openssl\ssl\record\rec_layer_s3.c:1605:SSL alert number 80
 882D0000:error:0A000438:SSL routines:ssl3_read_bytes:tlsv1 alert internal error:c:\ws\deps\openssl\openssl\ssl\record\rec_layer_s3.c:1605:SSL alert number 80

MongoServerSelectionError: 882D0000:error:0A000438:SSL routines:ssl3_read_bytes:tlsv1 alert internal error:c:\ws\deps\openssl\openssl\ssl\record\rec_layer_s3.c:1605:SSL alert number 80

    at Topology.selectServer (D:\construction-backend-V-1\construction-backend-updated\node_modules\mongodb\lib\sdam\topology.js:327:38)
    at async tryOperation (D:\construction-backend-V-1\construction-backend-updated\node_modules\mongodb\lib\operations\execute_operation.js:148:18)
    at async executeOperation (D:\construction-backend-V-1\construction-backend-updated\node_modules\mongodb\lib\operations\execute_operation.js:78:16)
    at async FindCursor._initialize (D:\construction-backend-V-1\construction-backend-updated\node_modules\mongodb\lib\cursor\find_cursor.js:62:26)
    at async FindCursor.cursorInit (D:\construction-backend-V-1\construction-backend-updated\node_modules\mongodb\lib\cursor\abstract_cursor.js:632:27)
    at async FindCursor.fetchBatch (D:\construction-backend-V-1\construction-backend-updated\node_modules\mongodb\lib\cursor\abstract_cursor.js:666:13)
    at async FindCursor.next (D:\construction-backend-V-1\construction-backend-updated\node_modules\mongodb\lib\cursor\abstract_cursor.js:342:17)
    at async Collection.findOne (D:\construction-backend-V-1\construction-backend-updated\node_modules\mongodb\lib\collection.js:313:24)
    at async model.Query._findOne (D:\construction-backend-V-1\construction-backend-updated\node_modules\mongoose\lib\query.js:2710:15)
    at async model.Query.exec (D:\construction-backend-V-1\construction-backend-updated\node_modules\mongoose\lib\query.js:4627:63)
2026-06-22 21:41:18 [[31merror[39m]: 882D0000:error:0A000438:SSL routines:ssl3_read_bytes:tlsv1 alert internal error:c:\ws\deps\openssl\openssl\ssl\record\rec_layer_s3.c:1605:SSL alert number 80
 882D0000:error:0A000438:SSL routines:ssl3_read_bytes:tlsv1 alert internal error:c:\ws\deps\openssl\openssl\ssl\record\rec_layer_s3.c:1605:SSL alert number 80

MongoServerSelectionError: 882D0000:error:0A000438:SSL routines:ssl3_read_bytes:tlsv1 alert internal error:c:\ws\deps\openssl\openssl\ssl\record\rec_layer_s3.c:1605:SSL alert number 80

    at Topology.selectServer (D:\construction-backend-V-1\construction-backend-updated\node_modules\mongodb\lib\sdam\topology.js:327:38)
    at runNextTicks (node:internal/process/task_queues:65:5)
    at listOnTimeout (node:internal/timers:555:9)
    at process.processTimers (node:internal/timers:529:7)
    at async tryOperation (D:\construction-backend-V-1\construction-backend-updated\node_modules\mongodb\lib\operations\execute_operation.js:148:18)
    at async executeOperation (D:\construction-backend-V-1\construction-backend-updated\node_modules\mongodb\lib\operations\execute_operation.js:78:16)
    at async FindCursor._initialize (D:\construction-backend-V-1\construction-backend-updated\node_modules\mongodb\lib\cursor\find_cursor.js:62:26)
    at async FindCursor.cursorInit (D:\construction-backend-V-1\construction-backend-updated\node_modules\mongodb\lib\cursor\abstract_cursor.js:632:27)
    at async FindCursor.fetchBatch (D:\construction-backend-V-1\construction-backend-updated\node_modules\mongodb\lib\cursor\abstract_cursor.js:666:13)
    at async FindCursor.next (D:\construction-backend-V-1\construction-backend-updated\node_modules\mongodb\lib\cursor\abstract_cursor.js:342:17)
2026-06-22 21:41:18 [[31merror[39m]: 882D0000:error:0A000438:SSL routines:ssl3_read_bytes:tlsv1 alert internal error:c:\ws\deps\openssl\openssl\ssl\record\rec_layer_s3.c:1605:SSL alert number 80
 882D0000:error:0A000438:SSL routines:ssl3_read_bytes:tlsv1 alert internal error:c:\ws\deps\openssl\openssl\ssl\record\rec_layer_s3.c:1605:SSL alert number 80

MongoServerSelectionError: 882D0000:error:0A000438:SSL routines:ssl3_read_bytes:tlsv1 alert internal error:c:\ws\deps\openssl\openssl\ssl\record\rec_layer_s3.c:1605:SSL alert number 80

    at Topology.selectServer (D:\construction-backend-V-1\construction-backend-updated\node_modules\mongodb\lib\sdam\topology.js:327:38)
    at async tryOperation (D:\construction-backend-V-1\construction-backend-updated\node_modules\mongodb\lib\operations\execute_operation.js:148:18)
    at async executeOperation (D:\construction-backend-V-1\construction-backend-updated\node_modules\mongodb\lib\operations\execute_operation.js:78:16)
    at async FindCursor._initialize (D:\construction-backend-V-1\construction-backend-updated\node_modules\mongodb\lib\cursor\find_cursor.js:62:26)
    at async FindCursor.cursorInit (D:\construction-backend-V-1\construction-backend-updated\node_modules\mongodb\lib\cursor\abstract_cursor.js:632:27)
    at async FindCursor.fetchBatch (D:\construction-backend-V-1\construction-backend-updated\node_modules\mongodb\lib\cursor\abstract_cursor.js:666:13)
    at async FindCursor.next (D:\construction-backend-V-1\construction-backend-updated\node_modules\mongodb\lib\cursor\abstract_cursor.js:342:17)
    at async Collection.findOne (D:\construction-backend-V-1\construction-backend-updated\node_modules\mongodb\lib\collection.js:313:24)
    at async model.Query._findOne (D:\construction-backend-V-1\construction-backend-updated\node_modules\mongoose\lib\query.js:2710:15)
    at async model.Query.exec (D:\construction-backend-V-1\construction-backend-updated\node_modules\mongoose\lib\query.js:4627:63)
2026-06-22 21:41:18 [[31merror[39m]: 882D0000:error:0A000438:SSL routines:ssl3_read_bytes:tlsv1 alert internal error:c:\ws\deps\openssl\openssl\ssl\record\rec_layer_s3.c:1605:SSL alert number 80
 882D0000:error:0A000438:SSL routines:ssl3_read_bytes:tlsv1 alert internal error:c:\ws\deps\openssl\openssl\ssl\record\rec_layer_s3.c:1605:SSL alert number 80

MongoServerSelectionError: 882D0000:error:0A000438:SSL routines:ssl3_read_bytes:tlsv1 alert internal error:c:\ws\deps\openssl\openssl\ssl\record\rec_layer_s3.c:1605:SSL alert number 80

    at Topology.selectServer (D:\construction-backend-V-1\construction-backend-updated\node_modules\mongodb\lib\sdam\topology.js:327:38)
    at async tryOperation (D:\construction-backend-V-1\construction-backend-updated\node_modules\mongodb\lib\operations\execute_operation.js:148:18)
    at async executeOperation (D:\construction-backend-V-1\construction-backend-updated\node_modules\mongodb\lib\operations\execute_operation.js:78:16)
    at async FindCursor._initialize (D:\construction-backend-V-1\construction-backend-updated\node_modules\mongodb\lib\cursor\find_cursor.js:62:26)
    at async FindCursor.cursorInit (D:\construction-backend-V-1\construction-backend-updated\node_modules\mongodb\lib\cursor\abstract_cursor.js:632:27)
    at async FindCursor.fetchBatch (D:\construction-backend-V-1\construction-backend-updated\node_modules\mongodb\lib\cursor\abstract_cursor.js:666:13)
    at async FindCursor.next (D:\construction-backend-V-1\construction-backend-updated\node_modules\mongodb\lib\cursor\abstract_cursor.js:342:17)
    at async Collection.findOne (D:\construction-backend-V-1\construction-backend-updated\node_modules\mongodb\lib\collection.js:313:24)
    at async model.Query._findOne (D:\construction-backend-V-1\construction-backend-updated\node_modules\mongoose\lib\query.js:2710:15)
    at async model.Query.exec (D:\construction-backend-V-1\construction-backend-updated\node_modules\mongoose\lib\query.js:4627:63)
2026-06-22 21:41:20 [[31merror[39m]: 882D0000:error:0A000438:SSL routines:ssl3_read_bytes:tlsv1 alert internal error:c:\ws\deps\openssl\openssl\ssl\record\rec_layer_s3.c:1605:SSL alert number 80
 882D0000:error:0A000438:SSL routines:ssl3_read_bytes:tlsv1 alert internal error:c:\ws\deps\openssl\openssl\ssl\record\rec_layer_s3.c:1605:SSL alert number 80

MongoServerSelectionError: 882D0000:error:0A000438:SSL routines:ssl3_read_bytes:tlsv1 alert internal error:c:\ws\deps\openssl\openssl\ssl\record\rec_layer_s3.c:1605:SSL alert number 80

    at Topology.selectServer (D:\construction-backend-V-1\construction-backend-updated\node_modules\mongodb\lib\sdam\topology.js:327:38)
    at runNextTicks (node:internal/process/task_queues:65:5)
    at listOnTimeout (node:internal/timers:555:9)
    at process.processTimers (node:internal/timers:529:7)
    at async tryOperation (D:\construction-backend-V-1\construction-backend-updated\node_modules\mongodb\lib\operations\execute_operation.js:148:18)
    at async executeOperation (D:\construction-backend-V-1\construction-backend-updated\node_modules\mongodb\lib\operations\execute_operation.js:78:16)
    at async FindCursor._initialize (D:\construction-backend-V-1\construction-backend-updated\node_modules\mongodb\lib\cursor\find_cursor.js:62:26)
    at async FindCursor.cursorInit (D:\construction-backend-V-1\construction-backend-updated\node_modules\mongodb\lib\cursor\abstract_cursor.js:632:27)
    at async FindCursor.fetchBatch (D:\construction-backend-V-1\construction-backend-updated\node_modules\mongodb\lib\cursor\abstract_cursor.js:666:13)
    at async FindCursor.next (D:\construction-backend-V-1\construction-backend-updated\node_modules\mongodb\lib\cursor\abstract_cursor.js:342:17)
2026-06-22 21:41:20 [[31merror[39m]: 882D0000:error:0A000438:SSL routines:ssl3_read_bytes:tlsv1 alert internal error:c:\ws\deps\openssl\openssl\ssl\record\rec_layer_s3.c:1605:SSL alert number 80
 882D0000:error:0A000438:SSL routines:ssl3_read_bytes:tlsv1 alert internal error:c:\ws\deps\openssl\openssl\ssl\record\rec_layer_s3.c:1605:SSL alert number 80

MongoServerSelectionError: 882D0000:error:0A000438:SSL routines:ssl3_read_bytes:tlsv1 alert internal error:c:\ws\deps\openssl\openssl\ssl\record\rec_layer_s3.c:1605:SSL alert number 80

    at Topology.selectServer (D:\construction-backend-V-1\construction-backend-updated\node_modules\mongodb\lib\sdam\topology.js:327:38)
    at async tryOperation (D:\construction-backend-V-1\construction-backend-updated\node_modules\mongodb\lib\operations\execute_operation.js:148:18)
    at async executeOperation (D:\construction-backend-V-1\construction-backend-updated\node_modules\mongodb\lib\operations\execute_operation.js:78:16)
    at async FindCursor._initialize (D:\construction-backend-V-1\construction-backend-updated\node_modules\mongodb\lib\cursor\find_cursor.js:62:26)
    at async FindCursor.cursorInit (D:\construction-backend-V-1\construction-backend-updated\node_modules\mongodb\lib\cursor\abstract_cursor.js:632:27)
    at async FindCursor.fetchBatch (D:\construction-backend-V-1\construction-backend-updated\node_modules\mongodb\lib\cursor\abstract_cursor.js:666:13)
    at async FindCursor.next (D:\construction-backend-V-1\construction-backend-updated\node_modules\mongodb\lib\cursor\abstract_cursor.js:342:17)
    at async Collection.findOne (D:\construction-backend-V-1\construction-backend-updated\node_modules\mongodb\lib\collection.js:313:24)
    at async model.Query._findOne (D:\construction-backend-V-1\construction-backend-updated\node_modules\mongoose\lib\query.js:2710:15)
    at async model.Query.exec (D:\construction-backend-V-1\construction-backend-updated\node_modules\mongoose\lib\query.js:4627:63)
2026-06-22 21:41:20 [[31merror[39m]: 882D0000:error:0A000438:SSL routines:ssl3_read_bytes:tlsv1 alert internal error:c:\ws\deps\openssl\openssl\ssl\record\rec_layer_s3.c:1605:SSL alert number 80
 882D0000:error:0A000438:SSL routines:ssl3_read_bytes:tlsv1 alert internal error:c:\ws\deps\openssl\openssl\ssl\record\rec_layer_s3.c:1605:SSL alert number 80

MongoServerSelectionError: 882D0000:error:0A000438:SSL routines:ssl3_read_bytes:tlsv1 alert internal error:c:\ws\deps\openssl\openssl\ssl\record\rec_layer_s3.c:1605:SSL alert number 80

    at Topology.selectServer (D:\construction-backend-V-1\construction-backend-updated\node_modules\mongodb\lib\sdam\topology.js:327:38)
    at async tryOperation (D:\construction-backend-V-1\construction-backend-updated\node_modules\mongodb\lib\operations\execute_operation.js:148:18)
    at async executeOperation (D:\construction-backend-V-1\construction-backend-updated\node_modules\mongodb\lib\operations\execute_operation.js:78:16)
    at async FindCursor._initialize (D:\construction-backend-V-1\construction-backend-updated\node_modules\mongodb\lib\cursor\find_cursor.js:62:26)
    at async FindCursor.cursorInit (D:\construction-backend-V-1\construction-backend-updated\node_modules\mongodb\lib\cursor\abstract_cursor.js:632:27)
    at async FindCursor.fetchBatch (D:\construction-backend-V-1\construction-backend-updated\node_modules\mongodb\lib\cursor\abstract_cursor.js:666:13)
    at async FindCursor.next (D:\construction-backend-V-1\construction-backend-updated\node_modules\mongodb\lib\cursor\abstract_cursor.js:342:17)
    at async Collection.findOne (D:\construction-backend-V-1\construction-backend-updated\node_modules\mongodb\lib\collection.js:313:24)
    at async model.Query._findOne (D:\construction-backend-V-1\construction-backend-updated\node_modules\mongoose\lib\query.js:2710:15)
    at async model.Query.exec (D:\construction-backend-V-1\construction-backend-updated\node_modules\mongoose\lib\query.js:4627:63)
2026-06-22 21:41:36 [[31merror[39m]: 882D0000:error:0A000438:SSL routines:ssl3_read_bytes:tlsv1 alert internal error:c:\ws\deps\openssl\openssl\ssl\record\rec_layer_s3.c:1605:SSL alert number 80
 882D0000:error:0A000438:SSL routines:ssl3_read_bytes:tlsv1 alert internal error:c:\ws\deps\openssl\openssl\ssl\record\rec_layer_s3.c:1605:SSL alert number 80

MongoServerSelectionError: 882D0000:error:0A000438:SSL routines:ssl3_read_bytes:tlsv1 alert internal error:c:\ws\deps\openssl\openssl\ssl\record\rec_layer_s3.c:1605:SSL alert number 80

    at Topology.selectServer (D:\construction-backend-V-1\construction-backend-updated\node_modules\mongodb\lib\sdam\topology.js:327:38)
    at async tryOperation (D:\construction-backend-V-1\construction-backend-updated\node_modules\mongodb\lib\operations\execute_operation.js:148:18)
    at async executeOperation (D:\construction-backend-V-1\construction-backend-updated\node_modules\mongodb\lib\operations\execute_operation.js:78:16)
    at async FindCursor._initialize (D:\construction-backend-V-1\construction-backend-updated\node_modules\mongodb\lib\cursor\find_cursor.js:62:26)
    at async FindCursor.cursorInit (D:\construction-backend-V-1\construction-backend-updated\node_modules\mongodb\lib\cursor\abstract_cursor.js:632:27)
    at async FindCursor.fetchBatch (D:\construction-backend-V-1\construction-backend-updated\node_modules\mongodb\lib\cursor\abstract_cursor.js:666:13)
    at async FindCursor.next (D:\construction-backend-V-1\construction-backend-updated\node_modules\mongodb\lib\cursor\abstract_cursor.js:342:17)
    at async Collection.findOne (D:\construction-backend-V-1\construction-backend-updated\node_modules\mongodb\lib\collection.js:313:24)
    at async model.Query._findOne (D:\construction-backend-V-1\construction-backend-updated\node_modules\mongoose\lib\query.js:2710:15)
    at async model.Query.exec (D:\construction-backend-V-1\construction-backend-updated\node_modules\mongoose\lib\query.js:4627:63)
2026-06-22 21:41:37 [[31merror[39m]: 882D0000:error:0A000438:SSL routines:ssl3_read_bytes:tlsv1 alert internal error:c:\ws\deps\openssl\openssl\ssl\record\rec_layer_s3.c:1605:SSL alert number 80
 882D0000:error:0A000438:SSL routines:ssl3_read_bytes:tlsv1 alert internal error:c:\ws\deps\openssl\openssl\ssl\record\rec_layer_s3.c:1605:SSL alert number 80

MongoServerSelectionError: 882D0000:error:0A000438:SSL routines:ssl3_read_bytes:tlsv1 alert internal error:c:\ws\deps\openssl\openssl\ssl\record\rec_layer_s3.c:1605:SSL alert number 80

    at Topology.selectServer (D:\construction-backend-V-1\construction-backend-updated\node_modules\mongodb\lib\sdam\topology.js:327:38)
    at async tryOperation (D:\construction-backend-V-1\construction-backend-updated\node_modules\mongodb\lib\operations\execute_operation.js:148:18)
    at async executeOperation (D:\construction-backend-V-1\construction-backend-updated\node_modules\mongodb\lib\operations\execute_operation.js:78:16)
    at async FindCursor._initialize (D:\construction-backend-V-1\construction-backend-updated\node_modules\mongodb\lib\cursor\find_cursor.js:62:26)
    at async FindCursor.cursorInit (D:\construction-backend-V-1\construction-backend-updated\node_modules\mongodb\lib\cursor\abstract_cursor.js:632:27)
    at async FindCursor.fetchBatch (D:\construction-backend-V-1\construction-backend-updated\node_modules\mongodb\lib\cursor\abstract_cursor.js:666:13)
    at async FindCursor.next (D:\construction-backend-V-1\construction-backend-updated\node_modules\mongodb\lib\cursor\abstract_cursor.js:342:17)
    at async Collection.findOne (D:\construction-backend-V-1\construction-backend-updated\node_modules\mongodb\lib\collection.js:313:24)
    at async model.Query._findOne (D:\construction-backend-V-1\construction-backend-updated\node_modules\mongoose\lib\query.js:2710:15)
    at async model.Query.exec (D:\construction-backend-V-1\construction-backend-updated\node_modules\mongoose\lib\query.js:4627:63)
2026-06-22 21:42:01 [[31merror[39m]: MongoDB connection error: Could not connect to any servers in your MongoDB Atlas cluster. One common reason is that you're trying to access the database from an IP that isn't whitelisted. Make sure your current IP address is on your Atlas cluster's IP whitelist: https://www.mongodb.com/docs/atlas/security-whitelist/
2026-06-22 21:42:32 [[31merror[39m]: MongoDB connection error: E0280000:error:0A000438:SSL routines:ssl3_read_bytes:tlsv1 alert internal error:c:\ws\deps\openssl\openssl\ssl\record\rec_layer_s3.c:1605:SSL alert number 80

2026-06-22 21:42:51 [[31merror[39m]: MongoDB connection error: C0380000:error:0A000438:SSL routines:ssl3_read_bytes:tlsv1 alert internal error:c:\ws\deps\openssl\openssl\ssl\record\rec_layer_s3.c:1605:SSL alert number 80

2026-06-22 21:43:14 [[31merror[39m]: MongoDB connection error: 58500000:error:0A000438:SSL routines:ssl3_read_bytes:tlsv1 alert internal error:c:\ws\deps\openssl\openssl\ssl\record\rec_layer_s3.c:1605:SSL alert number 80

2026-06-22 21:43:52 [[31merror[39m]: MongoDB connection error: 98090000:error:0A000438:SSL routines:ssl3_read_bytes:tlsv1 alert internal error:c:\ws\deps\openssl\openssl\ssl\record\rec_layer_s3.c:1605:SSL alert number 80

2026-06-22 21:46:15 [[31merror[39m]: MongoDB connection error: 2C210000:error:0A000438:SSL routines:ssl3_read_bytes:tlsv1 alert internal error:c:\ws\deps\openssl\openssl\ssl\record\rec_layer_s3.c:1605:SSL alert number 80

2026-06-22 21:48:26 [[31merror[39m]: MongoDB connection error: CC1C0000:error:0A000438:SSL routines:ssl3_read_bytes:tlsv1 alert internal error:c:\ws\deps\openssl\openssl\ssl\record\rec_layer_s3.c:1605:SSL alert number 80

2026-06-22 21:51:57 [[31merror[39m]: MongoDB connection error: A44E0000:error:0A000438:SSL routines:ssl3_read_bytes:tlsv1 alert internal error:c:\ws\deps\openssl\openssl\ssl\record\rec_layer_s3.c:1605:SSL alert number 80

2026-06-22 21:53:23 [[31merror[39m]: MongoDB connection error: 143B0000:error:0A000438:SSL routines:ssl3_read_bytes:tlsv1 alert internal error:c:\ws\deps\openssl\openssl\ssl\record\rec_layer_s3.c:1605:SSL alert number 80

2026-06-22 21:53:32 [[31merror[39m]: MongoDB connection error: 300E0000:error:0A000438:SSL routines:ssl3_read_bytes:tlsv1 alert internal error:c:\ws\deps\openssl\openssl\ssl\record\rec_layer_s3.c:1605:SSL alert number 80

2026-06-22 21:55:10 [[31merror[39m]: MongoDB connection error: 104D0000:error:0A000438:SSL routines:ssl3_read_bytes:tlsv1 alert internal error:c:\ws\deps\openssl\openssl\ssl\record\rec_layer_s3.c:1605:SSL alert number 80

2026-06-22 21:58:24 [[31merror[39m]: MongoDB connection error: D84C0000:error:0A000438:SSL routines:ssl3_read_bytes:tlsv1 alert internal error:c:\ws\deps\openssl\openssl\ssl\record\rec_layer_s3.c:1605:SSL alert number 80

2026-06-22 21:59:48 [[32minfo[39m]: MongoDB connected: ac-txgfmyu-shard-00-00.4bjwysu.mongodb.net
2026-06-22 21:59:48 [[32minfo[39m]: Server running in development mode on port 5000
2026-06-23 10:25:45 [[31merror[39m]: MongoDB connection error: Could not connect to any servers in your MongoDB Atlas cluster. One common reason is that you're trying to access the database from an IP that isn't whitelisted. Make sure your current IP address is on your Atlas cluster's IP whitelist: https://www.mongodb.com/docs/atlas/security-whitelist/
2026-06-23 10:29:21 [[32minfo[39m]: MongoDB connected: ac-txgfmyu-shard-00-02.4bjwysu.mongodb.net
2026-06-23 10:29:21 [[32minfo[39m]: Server running in development mode on port 5000
2026-06-23 18:17:45 [[31merror[39m]: D42A0000:error:0A000438:SSL routines:ssl3_read_bytes:tlsv1 alert internal error:c:\ws\deps\openssl\openssl\ssl\record\rec_layer_s3.c:1605:SSL alert number 80
 D42A0000:error:0A000438:SSL routines:ssl3_read_bytes:tlsv1 alert internal error:c:\ws\deps\openssl\openssl\ssl\record\rec_layer_s3.c:1605:SSL alert number 80

MongoServerSelectionError: D42A0000:error:0A000438:SSL routines:ssl3_read_bytes:tlsv1 alert internal error:c:\ws\deps\openssl\openssl\ssl\record\rec_layer_s3.c:1605:SSL alert number 80

    at Topology.selectServer (D:\construction-backend-V-1\construction-backend-updated\node_modules\mongodb\lib\sdam\topology.js:327:38)
    at async tryOperation (D:\construction-backend-V-1\construction-backend-updated\node_modules\mongodb\lib\operations\execute_operation.js:148:18)
    at async executeOperation (D:\construction-backend-V-1\construction-backend-updated\node_modules\mongodb\lib\operations\execute_operation.js:78:16)
    at async FindCursor._initialize (D:\construction-backend-V-1\construction-backend-updated\node_modules\mongodb\lib\cursor\find_cursor.js:62:26)
    at async FindCursor.cursorInit (D:\construction-backend-V-1\construction-backend-updated\node_modules\mongodb\lib\cursor\abstract_cursor.js:632:27)
    at async FindCursor.fetchBatch (D:\construction-backend-V-1\construction-backend-updated\node_modules\mongodb\lib\cursor\abstract_cursor.js:666:13)
    at async FindCursor.next (D:\construction-backend-V-1\construction-backend-updated\node_modules\mongodb\lib\cursor\abstract_cursor.js:342:17)
    at async Collection.findOne (D:\construction-backend-V-1\construction-backend-updated\node_modules\mongodb\lib\collection.js:313:24)
    at async model.Query._findOne (D:\construction-backend-V-1\construction-backend-updated\node_modules\mongoose\lib\query.js:2710:15)
    at async model.Query.exec (D:\construction-backend-V-1\construction-backend-updated\node_modules\mongoose\lib\query.js:4627:63)
2026-06-23 18:17:45 [[31merror[39m]: D42A0000:error:0A000438:SSL routines:ssl3_read_bytes:tlsv1 alert internal error:c:\ws\deps\openssl\openssl\ssl\record\rec_layer_s3.c:1605:SSL alert number 80
 D42A0000:error:0A000438:SSL routines:ssl3_read_bytes:tlsv1 alert internal error:c:\ws\deps\openssl\openssl\ssl\record\rec_layer_s3.c:1605:SSL alert number 80

MongoServerSelectionError: D42A0000:error:0A000438:SSL routines:ssl3_read_bytes:tlsv1 alert internal error:c:\ws\deps\openssl\openssl\ssl\record\rec_layer_s3.c:1605:SSL alert number 80

    at Topology.selectServer (D:\construction-backend-V-1\construction-backend-updated\node_modules\mongodb\lib\sdam\topology.js:327:38)
    at runNextTicks (node:internal/process/task_queues:65:5)
    at listOnTimeout (node:internal/timers:555:9)
    at process.processTimers (node:internal/timers:529:7)
    at async tryOperation (D:\construction-backend-V-1\construction-backend-updated\node_modules\mongodb\lib\operations\execute_operation.js:148:18)
    at async executeOperation (D:\construction-backend-V-1\construction-backend-updated\node_modules\mongodb\lib\operations\execute_operation.js:78:16)
    at async FindCursor._initialize (D:\construction-backend-V-1\construction-backend-updated\node_modules\mongodb\lib\cursor\find_cursor.js:62:26)
    at async FindCursor.cursorInit (D:\construction-backend-V-1\construction-backend-updated\node_modules\mongodb\lib\cursor\abstract_cursor.js:632:27)
    at async FindCursor.fetchBatch (D:\construction-backend-V-1\construction-backend-updated\node_modules\mongodb\lib\cursor\abstract_cursor.js:666:13)
    at async FindCursor.next (D:\construction-backend-V-1\construction-backend-updated\node_modules\mongodb\lib\cursor\abstract_cursor.js:342:17)
2026-06-23 18:17:45 [[31merror[39m]: D42A0000:error:0A000438:SSL routines:ssl3_read_bytes:tlsv1 alert internal error:c:\ws\deps\openssl\openssl\ssl\record\rec_layer_s3.c:1605:SSL alert number 80
 D42A0000:error:0A000438:SSL routines:ssl3_read_bytes:tlsv1 alert internal error:c:\ws\deps\openssl\openssl\ssl\record\rec_layer_s3.c:1605:SSL alert number 80

MongoServerSelectionError: D42A0000:error:0A000438:SSL routines:ssl3_read_bytes:tlsv1 alert internal error:c:\ws\deps\openssl\openssl\ssl\record\rec_layer_s3.c:1605:SSL alert number 80

    at Topology.selectServer (D:\construction-backend-V-1\construction-backend-updated\node_modules\mongodb\lib\sdam\topology.js:327:38)
    at runNextTicks (node:internal/process/task_queues:65:5)
    at listOnTimeout (node:internal/timers:555:9)
    at process.processTimers (node:internal/timers:529:7)
    at async tryOperation (D:\construction-backend-V-1\construction-backend-updated\node_modules\mongodb\lib\operations\execute_operation.js:148:18)
    at async executeOperation (D:\construction-backend-V-1\construction-backend-updated\node_modules\mongodb\lib\operations\execute_operation.js:78:16)
    at async FindCursor._initialize (D:\construction-backend-V-1\construction-backend-updated\node_modules\mongodb\lib\cursor\find_cursor.js:62:26)
    at async FindCursor.cursorInit (D:\construction-backend-V-1\construction-backend-updated\node_modules\mongodb\lib\cursor\abstract_cursor.js:632:27)
    at async FindCursor.fetchBatch (D:\construction-backend-V-1\construction-backend-updated\node_modules\mongodb\lib\cursor\abstract_cursor.js:666:13)
    at async FindCursor.next (D:\construction-backend-V-1\construction-backend-updated\node_modules\mongodb\lib\cursor\abstract_cursor.js:342:17)
2026-06-23 18:17:45 [[31merror[39m]: D42A0000:error:0A000438:SSL routines:ssl3_read_bytes:tlsv1 alert internal error:c:\ws\deps\openssl\openssl\ssl\record\rec_layer_s3.c:1605:SSL alert number 80
 D42A0000:error:0A000438:SSL routines:ssl3_read_bytes:tlsv1 alert internal error:c:\ws\deps\openssl\openssl\ssl\record\rec_layer_s3.c:1605:SSL alert number 80

MongoServerSelectionError: D42A0000:error:0A000438:SSL routines:ssl3_read_bytes:tlsv1 alert internal error:c:\ws\deps\openssl\openssl\ssl\record\rec_layer_s3.c:1605:SSL alert number 80

    at Topology.selectServer (D:\construction-backend-V-1\construction-backend-updated\node_modules\mongodb\lib\sdam\topology.js:327:38)
    at runNextTicks (node:internal/process/task_queues:65:5)
    at listOnTimeout (node:internal/timers:555:9)
    at process.processTimers (node:internal/timers:529:7)
    at async tryOperation (D:\construction-backend-V-1\construction-backend-updated\node_modules\mongodb\lib\operations\execute_operation.js:148:18)
    at async executeOperation (D:\construction-backend-V-1\construction-backend-updated\node_modules\mongodb\lib\operations\execute_operation.js:78:16)
    at async FindCursor._initialize (D:\construction-backend-V-1\construction-backend-updated\node_modules\mongodb\lib\cursor\find_cursor.js:62:26)
    at async FindCursor.cursorInit (D:\construction-backend-V-1\construction-backend-updated\node_modules\mongodb\lib\cursor\abstract_cursor.js:632:27)
    at async FindCursor.fetchBatch (D:\construction-backend-V-1\construction-backend-updated\node_modules\mongodb\lib\cursor\abstract_cursor.js:666:13)
    at async FindCursor.next (D:\construction-backend-V-1\construction-backend-updated\node_modules\mongodb\lib\cursor\abstract_cursor.js:342:17)
2026-06-23 18:17:45 [[31merror[39m]: D42A0000:error:0A000438:SSL routines:ssl3_read_bytes:tlsv1 alert internal error:c:\ws\deps\openssl\openssl\ssl\record\rec_layer_s3.c:1605:SSL alert number 80
 D42A0000:error:0A000438:SSL routines:ssl3_read_bytes:tlsv1 alert internal error:c:\ws\deps\openssl\openssl\ssl\record\rec_layer_s3.c:1605:SSL alert number 80

MongoServerSelectionError: D42A0000:error:0A000438:SSL routines:ssl3_read_bytes:tlsv1 alert internal error:c:\ws\deps\openssl\openssl\ssl\record\rec_layer_s3.c:1605:SSL alert number 80

    at Topology.selectServer (D:\construction-backend-V-1\construction-backend-updated\node_modules\mongodb\lib\sdam\topology.js:327:38)
    at async tryOperation (D:\construction-backend-V-1\construction-backend-updated\node_modules\mongodb\lib\operations\execute_operation.js:148:18)
    at async executeOperation (D:\construction-backend-V-1\construction-backend-updated\node_modules\mongodb\lib\operations\execute_operation.js:78:16)
    at async FindCursor._initialize (D:\construction-backend-V-1\construction-backend-updated\node_modules\mongodb\lib\cursor\find_cursor.js:62:26)
    at async FindCursor.cursorInit (D:\construction-backend-V-1\construction-backend-updated\node_modules\mongodb\lib\cursor\abstract_cursor.js:632:27)
    at async FindCursor.fetchBatch (D:\construction-backend-V-1\construction-backend-updated\node_modules\mongodb\lib\cursor\abstract_cursor.js:666:13)
    at async FindCursor.next (D:\construction-backend-V-1\construction-backend-updated\node_modules\mongodb\lib\cursor\abstract_cursor.js:342:17)
    at async Collection.findOne (D:\construction-backend-V-1\construction-backend-updated\node_modules\mongodb\lib\collection.js:313:24)
    at async model.Query._findOne (D:\construction-backend-V-1\construction-backend-updated\node_modules\mongoose\lib\query.js:2710:15)
    at async model.Query.exec (D:\construction-backend-V-1\construction-backend-updated\node_modules\mongoose\lib\query.js:4627:63)
2026-06-23 18:17:57 [[31merror[39m]: MongoDB connection error: Could not connect to any servers in your MongoDB Atlas cluster. One common reason is that you're trying to access the database from an IP that isn't whitelisted. Make sure your current IP address is on your Atlas cluster's IP whitelist: https://www.mongodb.com/docs/atlas/security-whitelist/
2026-06-23 18:19:25 [[32minfo[39m]: MongoDB connected: ac-txgfmyu-shard-00-02.4bjwysu.mongodb.net
2026-06-23 18:19:25 [[32minfo[39m]: Server running in development mode on port 5000
2026-06-25 20:13:18 [[31merror[39m]: MongoDB connection error: Could not connect to any servers in your MongoDB Atlas cluster. One common reason is that you're trying to access the database from an IP that isn't whitelisted. Make sure your current IP address is on your Atlas cluster's IP whitelist: https://www.mongodb.com/docs/atlas/security-whitelist/
2026-06-25 20:14:30 [[32minfo[39m]: MongoDB connected: ac-txgfmyu-shard-00-01.4bjwysu.mongodb.net
2026-06-25 20:14:30 [[32minfo[39m]: Server running in development mode on port 5000
2026-06-25 21:27:36 [[32minfo[39m]: MongoDB connected: ac-txgfmyu-shard-00-02.4bjwysu.mongodb.net
2026-06-25 21:27:36 [[32minfo[39m]: Server running in development mode on port 5000
2026-06-25 22:03:32 [[31merror[39m]: 7C460000:error:0A000438:SSL routines:ssl3_read_bytes:tlsv1 alert internal error:c:\ws\deps\openssl\openssl\ssl\record\rec_layer_s3.c:1605:SSL alert number 80
 7C460000:error:0A000438:SSL routines:ssl3_read_bytes:tlsv1 alert internal error:c:\ws\deps\openssl\openssl\ssl\record\rec_layer_s3.c:1605:SSL alert number 80

MongoServerSelectionError: 7C460000:error:0A000438:SSL routines:ssl3_read_bytes:tlsv1 alert internal error:c:\ws\deps\openssl\openssl\ssl\record\rec_layer_s3.c:1605:SSL alert number 80

    at Topology.selectServer (D:\construction-backend-V-1\construction-backend-updated\node_modules\mongodb\lib\sdam\topology.js:327:38)
    at async tryOperation (D:\construction-backend-V-1\construction-backend-updated\node_modules\mongodb\lib\operations\execute_operation.js:148:18)
    at async executeOperation (D:\construction-backend-V-1\construction-backend-updated\node_modules\mongodb\lib\operations\execute_operation.js:78:16)
    at async FindCursor._initialize (D:\construction-backend-V-1\construction-backend-updated\node_modules\mongodb\lib\cursor\find_cursor.js:62:26)
    at async FindCursor.cursorInit (D:\construction-backend-V-1\construction-backend-updated\node_modules\mongodb\lib\cursor\abstract_cursor.js:632:27)
    at async FindCursor.fetchBatch (D:\construction-backend-V-1\construction-backend-updated\node_modules\mongodb\lib\cursor\abstract_cursor.js:666:13)
    at async FindCursor.next (D:\construction-backend-V-1\construction-backend-updated\node_modules\mongodb\lib\cursor\abstract_cursor.js:342:17)
    at async Collection.findOne (D:\construction-backend-V-1\construction-backend-updated\node_modules\mongodb\lib\collection.js:313:24)
    at async model.Query._findOne (D:\construction-backend-V-1\construction-backend-updated\node_modules\mongoose\lib\query.js:2710:15)
    at async model.Query.exec (D:\construction-backend-V-1\construction-backend-updated\node_modules\mongoose\lib\query.js:4627:63)
2026-06-25 22:03:33 [[31merror[39m]: 7C460000:error:0A000438:SSL routines:ssl3_read_bytes:tlsv1 alert internal error:c:\ws\deps\openssl\openssl\ssl\record\rec_layer_s3.c:1605:SSL alert number 80
 7C460000:error:0A000438:SSL routines:ssl3_read_bytes:tlsv1 alert internal error:c:\ws\deps\openssl\openssl\ssl\record\rec_layer_s3.c:1605:SSL alert number 80

MongoServerSelectionError: 7C460000:error:0A000438:SSL routines:ssl3_read_bytes:tlsv1 alert internal error:c:\ws\deps\openssl\openssl\ssl\record\rec_layer_s3.c:1605:SSL alert number 80

    at Topology.selectServer (D:\construction-backend-V-1\construction-backend-updated\node_modules\mongodb\lib\sdam\topology.js:327:38)
    at runNextTicks (node:internal/process/task_queues:65:5)
    at listOnTimeout (node:internal/timers:555:9)
    at process.processTimers (node:internal/timers:529:7)
    at async tryOperation (D:\construction-backend-V-1\construction-backend-updated\node_modules\mongodb\lib\operations\execute_operation.js:148:18)
    at async executeOperation (D:\construction-backend-V-1\construction-backend-updated\node_modules\mongodb\lib\operations\execute_operation.js:78:16)
    at async FindCursor._initialize (D:\construction-backend-V-1\construction-backend-updated\node_modules\mongodb\lib\cursor\find_cursor.js:62:26)
    at async FindCursor.cursorInit (D:\construction-backend-V-1\construction-backend-updated\node_modules\mongodb\lib\cursor\abstract_cursor.js:632:27)
    at async FindCursor.fetchBatch (D:\construction-backend-V-1\construction-backend-updated\node_modules\mongodb\lib\cursor\abstract_cursor.js:666:13)
    at async FindCursor.next (D:\construction-backend-V-1\construction-backend-updated\node_modules\mongodb\lib\cursor\abstract_cursor.js:342:17)
2026-06-25 22:03:33 [[31merror[39m]: 7C460000:error:0A000438:SSL routines:ssl3_read_bytes:tlsv1 alert internal error:c:\ws\deps\openssl\openssl\ssl\record\rec_layer_s3.c:1605:SSL alert number 80
 7C460000:error:0A000438:SSL routines:ssl3_read_bytes:tlsv1 alert internal error:c:\ws\deps\openssl\openssl\ssl\record\rec_layer_s3.c:1605:SSL alert number 80

MongoServerSelectionError: 7C460000:error:0A000438:SSL routines:ssl3_read_bytes:tlsv1 alert internal error:c:\ws\deps\openssl\openssl\ssl\record\rec_layer_s3.c:1605:SSL alert number 80

    at Topology.selectServer (D:\construction-backend-V-1\construction-backend-updated\node_modules\mongodb\lib\sdam\topology.js:327:38)
    at runNextTicks (node:internal/process/task_queues:65:5)
    at process.processTimers (node:internal/timers:526:9)
    at async tryOperation (D:\construction-backend-V-1\construction-backend-updated\node_modules\mongodb\lib\operations\execute_operation.js:148:18)
    at async executeOperation (D:\construction-backend-V-1\construction-backend-updated\node_modules\mongodb\lib\operations\execute_operation.js:78:16)
    at async FindCursor._initialize (D:\construction-backend-V-1\construction-backend-updated\node_modules\mongodb\lib\cursor\find_cursor.js:62:26)
    at async FindCursor.cursorInit (D:\construction-backend-V-1\construction-backend-updated\node_modules\mongodb\lib\cursor\abstract_cursor.js:632:27)
    at async FindCursor.fetchBatch (D:\construction-backend-V-1\construction-backend-updated\node_modules\mongodb\lib\cursor\abstract_cursor.js:666:13)
    at async FindCursor.next (D:\construction-backend-V-1\construction-backend-updated\node_modules\mongodb\lib\cursor\abstract_cursor.js:342:17)
    at async Collection.findOne (D:\construction-backend-V-1\construction-backend-updated\node_modules\mongodb\lib\collection.js:313:24)
2026-06-25 22:07:46 [[31merror[39m]: 7C460000:error:0A000438:SSL routines:ssl3_read_bytes:tlsv1 alert internal error:c:\ws\deps\openssl\openssl\ssl\record\rec_layer_s3.c:1605:SSL alert number 80
 7C460000:error:0A000438:SSL routines:ssl3_read_bytes:tlsv1 alert internal error:c:\ws\deps\openssl\openssl\ssl\record\rec_layer_s3.c:1605:SSL alert number 80

MongoServerSelectionError: 7C460000:error:0A000438:SSL routines:ssl3_read_bytes:tlsv1 alert internal error:c:\ws\deps\openssl\openssl\ssl\record\rec_layer_s3.c:1605:SSL alert number 80

    at Topology.selectServer (D:\construction-backend-V-1\construction-backend-updated\node_modules\mongodb\lib\sdam\topology.js:327:38)
    at async tryOperation (D:\construction-backend-V-1\construction-backend-updated\node_modules\mongodb\lib\operations\execute_operation.js:148:18)
    at async executeOperation (D:\construction-backend-V-1\construction-backend-updated\node_modules\mongodb\lib\operations\execute_operation.js:78:16)
    at async FindCursor._initialize (D:\construction-backend-V-1\construction-backend-updated\node_modules\mongodb\lib\cursor\find_cursor.js:62:26)
    at async FindCursor.cursorInit (D:\construction-backend-V-1\construction-backend-updated\node_modules\mongodb\lib\cursor\abstract_cursor.js:632:27)
    at async FindCursor.fetchBatch (D:\construction-backend-V-1\construction-backend-updated\node_modules\mongodb\lib\cursor\abstract_cursor.js:666:13)
    at async FindCursor.next (D:\construction-backend-V-1\construction-backend-updated\node_modules\mongodb\lib\cursor\abstract_cursor.js:342:17)
    at async Collection.findOne (D:\construction-backend-V-1\construction-backend-updated\node_modules\mongodb\lib\collection.js:313:24)
    at async model.Query._findOne (D:\construction-backend-V-1\construction-backend-updated\node_modules\mongoose\lib\query.js:2710:15)
    at async model.Query.exec (D:\construction-backend-V-1\construction-backend-updated\node_modules\mongoose\lib\query.js:4627:63)
2026-06-25 22:07:46 [[31merror[39m]: 7C460000:error:0A000438:SSL routines:ssl3_read_bytes:tlsv1 alert internal error:c:\ws\deps\openssl\openssl\ssl\record\rec_layer_s3.c:1605:SSL alert number 80
 7C460000:error:0A000438:SSL routines:ssl3_read_bytes:tlsv1 alert internal error:c:\ws\deps\openssl\openssl\ssl\record\rec_layer_s3.c:1605:SSL alert number 80

MongoServerSelectionError: 7C460000:error:0A000438:SSL routines:ssl3_read_bytes:tlsv1 alert internal error:c:\ws\deps\openssl\openssl\ssl\record\rec_layer_s3.c:1605:SSL alert number 80

    at Topology.selectServer (D:\construction-backend-V-1\construction-backend-updated\node_modules\mongodb\lib\sdam\topology.js:327:38)
    at async tryOperation (D:\construction-backend-V-1\construction-backend-updated\node_modules\mongodb\lib\operations\execute_operation.js:148:18)
    at async executeOperation (D:\construction-backend-V-1\construction-backend-updated\node_modules\mongodb\lib\operations\execute_operation.js:78:16)
    at async FindCursor._initialize (D:\construction-backend-V-1\construction-backend-updated\node_modules\mongodb\lib\cursor\find_cursor.js:62:26)
    at async FindCursor.cursorInit (D:\construction-backend-V-1\construction-backend-updated\node_modules\mongodb\lib\cursor\abstract_cursor.js:632:27)
    at async FindCursor.fetchBatch (D:\construction-backend-V-1\construction-backend-updated\node_modules\mongodb\lib\cursor\abstract_cursor.js:666:13)
    at async FindCursor.next (D:\construction-backend-V-1\construction-backend-updated\node_modules\mongodb\lib\cursor\abstract_cursor.js:342:17)
    at async Collection.findOne (D:\construction-backend-V-1\construction-backend-updated\node_modules\mongodb\lib\collection.js:313:24)
    at async model.Query._findOne (D:\construction-backend-V-1\construction-backend-updated\node_modules\mongoose\lib\query.js:2710:15)
    at async model.Query.exec (D:\construction-backend-V-1\construction-backend-updated\node_modules\mongoose\lib\query.js:4627:63)
2026-06-25 22:07:46 [[31merror[39m]: 7C460000:error:0A000438:SSL routines:ssl3_read_bytes:tlsv1 alert internal error:c:\ws\deps\openssl\openssl\ssl\record\rec_layer_s3.c:1605:SSL alert number 80
 7C460000:error:0A000438:SSL routines:ssl3_read_bytes:tlsv1 alert internal error:c:\ws\deps\openssl\openssl\ssl\record\rec_layer_s3.c:1605:SSL alert number 80

MongoServerSelectionError: 7C460000:error:0A000438:SSL routines:ssl3_read_bytes:tlsv1 alert internal error:c:\ws\deps\openssl\openssl\ssl\record\rec_layer_s3.c:1605:SSL alert number 80

    at Topology.selectServer (D:\construction-backend-V-1\construction-backend-updated\node_modules\mongodb\lib\sdam\topology.js:327:38)
    at async tryOperation (D:\construction-backend-V-1\construction-backend-updated\node_modules\mongodb\lib\operations\execute_operation.js:148:18)
    at async executeOperation (D:\construction-backend-V-1\construction-backend-updated\node_modules\mongodb\lib\operations\execute_operation.js:78:16)
    at async FindCursor._initialize (D:\construction-backend-V-1\construction-backend-updated\node_modules\mongodb\lib\cursor\find_cursor.js:62:26)
    at async FindCursor.cursorInit (D:\construction-backend-V-1\construction-backend-updated\node_modules\mongodb\lib\cursor\abstract_cursor.js:632:27)
    at async FindCursor.fetchBatch (D:\construction-backend-V-1\construction-backend-updated\node_modules\mongodb\lib\cursor\abstract_cursor.js:666:13)
    at async FindCursor.next (D:\construction-backend-V-1\construction-backend-updated\node_modules\mongodb\lib\cursor\abstract_cursor.js:342:17)
    at async Collection.findOne (D:\construction-backend-V-1\construction-backend-updated\node_modules\mongodb\lib\collection.js:313:24)
    at async model.Query._findOne (D:\construction-backend-V-1\construction-backend-updated\node_modules\mongoose\lib\query.js:2710:15)
    at async model.Query.exec (D:\construction-backend-V-1\construction-backend-updated\node_modules\mongoose\lib\query.js:4627:63)
2026-06-25 22:10:41 [[31merror[39m]: 7C460000:error:0A000438:SSL routines:ssl3_read_bytes:tlsv1 alert internal error:c:\ws\deps\openssl\openssl\ssl\record\rec_layer_s3.c:1605:SSL alert number 80
 7C460000:error:0A000438:SSL routines:ssl3_read_bytes:tlsv1 alert internal error:c:\ws\deps\openssl\openssl\ssl\record\rec_layer_s3.c:1605:SSL alert number 80

MongoServerSelectionError: 7C460000:error:0A000438:SSL routines:ssl3_read_bytes:tlsv1 alert internal error:c:\ws\deps\openssl\openssl\ssl\record\rec_layer_s3.c:1605:SSL alert number 80

    at Topology.selectServer (D:\construction-backend-V-1\construction-backend-updated\node_modules\mongodb\lib\sdam\topology.js:327:38)
    at runNextTicks (node:internal/process/task_queues:65:5)
    at listOnTimeout (node:internal/timers:555:9)
    at process.processTimers (node:internal/timers:529:7)
    at async tryOperation (D:\construction-backend-V-1\construction-backend-updated\node_modules\mongodb\lib\operations\execute_operation.js:148:18)
    at async executeOperation (D:\construction-backend-V-1\construction-backend-updated\node_modules\mongodb\lib\operations\execute_operation.js:78:16)
    at async FindCursor._initialize (D:\construction-backend-V-1\construction-backend-updated\node_modules\mongodb\lib\cursor\find_cursor.js:62:26)
    at async FindCursor.cursorInit (D:\construction-backend-V-1\construction-backend-updated\node_modules\mongodb\lib\cursor\abstract_cursor.js:632:27)
    at async FindCursor.fetchBatch (D:\construction-backend-V-1\construction-backend-updated\node_modules\mongodb\lib\cursor\abstract_cursor.js:666:13)
    at async FindCursor.next (D:\construction-backend-V-1\construction-backend-updated\node_modules\mongodb\lib\cursor\abstract_cursor.js:342:17)
2026-06-25 22:10:41 [[31merror[39m]: 7C460000:error:0A000438:SSL routines:ssl3_read_bytes:tlsv1 alert internal error:c:\ws\deps\openssl\openssl\ssl\record\rec_layer_s3.c:1605:SSL alert number 80
 7C460000:error:0A000438:SSL routines:ssl3_read_bytes:tlsv1 alert internal error:c:\ws\deps\openssl\openssl\ssl\record\rec_layer_s3.c:1605:SSL alert number 80

MongoServerSelectionError: 7C460000:error:0A000438:SSL routines:ssl3_read_bytes:tlsv1 alert internal error:c:\ws\deps\openssl\openssl\ssl\record\rec_layer_s3.c:1605:SSL alert number 80

    at Topology.selectServer (D:\construction-backend-V-1\construction-backend-updated\node_modules\mongodb\lib\sdam\topology.js:327:38)
    at runNextTicks (node:internal/process/task_queues:65:5)
    at listOnTimeout (node:internal/timers:555:9)
    at process.processTimers (node:internal/timers:529:7)
    at async tryOperation (D:\construction-backend-V-1\construction-backend-updated\node_modules\mongodb\lib\operations\execute_operation.js:148:18)
    at async executeOperation (D:\construction-backend-V-1\construction-backend-updated\node_modules\mongodb\lib\operations\execute_operation.js:78:16)
    at async FindCursor._initialize (D:\construction-backend-V-1\construction-backend-updated\node_modules\mongodb\lib\cursor\find_cursor.js:62:26)
    at async FindCursor.cursorInit (D:\construction-backend-V-1\construction-backend-updated\node_modules\mongodb\lib\cursor\abstract_cursor.js:632:27)
    at async FindCursor.fetchBatch (D:\construction-backend-V-1\construction-backend-updated\node_modules\mongodb\lib\cursor\abstract_cursor.js:666:13)
    at async FindCursor.next (D:\construction-backend-V-1\construction-backend-updated\node_modules\mongodb\lib\cursor\abstract_cursor.js:342:17)
2026-06-25 22:10:41 [[31merror[39m]: 7C460000:error:0A000438:SSL routines:ssl3_read_bytes:tlsv1 alert internal error:c:\ws\deps\openssl\openssl\ssl\record\rec_layer_s3.c:1605:SSL alert number 80
 7C460000:error:0A000438:SSL routines:ssl3_read_bytes:tlsv1 alert internal error:c:\ws\deps\openssl\openssl\ssl\record\rec_layer_s3.c:1605:SSL alert number 80

MongoServerSelectionError: 7C460000:error:0A000438:SSL routines:ssl3_read_bytes:tlsv1 alert internal error:c:\ws\deps\openssl\openssl\ssl\record\rec_layer_s3.c:1605:SSL alert number 80

    at Topology.selectServer (D:\construction-backend-V-1\construction-backend-updated\node_modules\mongodb\lib\sdam\topology.js:327:38)
    at async tryOperation (D:\construction-backend-V-1\construction-backend-updated\node_modules\mongodb\lib\operations\execute_operation.js:148:18)
    at async executeOperation (D:\construction-backend-V-1\construction-backend-updated\node_modules\mongodb\lib\operations\execute_operation.js:78:16)
    at async FindCursor._initialize (D:\construction-backend-V-1\construction-backend-updated\node_modules\mongodb\lib\cursor\find_cursor.js:62:26)
    at async FindCursor.cursorInit (D:\construction-backend-V-1\construction-backend-updated\node_modules\mongodb\lib\cursor\abstract_cursor.js:632:27)
    at async FindCursor.fetchBatch (D:\construction-backend-V-1\construction-backend-updated\node_modules\mongodb\lib\cursor\abstract_cursor.js:666:13)
    at async FindCursor.next (D:\construction-backend-V-1\construction-backend-updated\node_modules\mongodb\lib\cursor\abstract_cursor.js:342:17)
    at async Collection.findOne (D:\construction-backend-V-1\construction-backend-updated\node_modules\mongodb\lib\collection.js:313:24)
    at async model.Query._findOne (D:\construction-backend-V-1\construction-backend-updated\node_modules\mongoose\lib\query.js:2710:15)
    at async model.Query.exec (D:\construction-backend-V-1\construction-backend-updated\node_modules\mongoose\lib\query.js:4627:63)
2026-06-25 22:10:53 [[31merror[39m]: 7C460000:error:0A000438:SSL routines:ssl3_read_bytes:tlsv1 alert internal error:c:\ws\deps\openssl\openssl\ssl\record\rec_layer_s3.c:1605:SSL alert number 80
 7C460000:error:0A000438:SSL routines:ssl3_read_bytes:tlsv1 alert internal error:c:\ws\deps\openssl\openssl\ssl\record\rec_layer_s3.c:1605:SSL alert number 80

MongoServerSelectionError: 7C460000:error:0A000438:SSL routines:ssl3_read_bytes:tlsv1 alert internal error:c:\ws\deps\openssl\openssl\ssl\record\rec_layer_s3.c:1605:SSL alert number 80

    at Topology.selectServer (D:\construction-backend-V-1\construction-backend-updated\node_modules\mongodb\lib\sdam\topology.js:327:38)
    at async tryOperation (D:\construction-backend-V-1\construction-backend-updated\node_modules\mongodb\lib\operations\execute_operation.js:148:18)
    at async executeOperation (D:\construction-backend-V-1\construction-backend-updated\node_modules\mongodb\lib\operations\execute_operation.js:78:16)
    at async FindCursor._initialize (D:\construction-backend-V-1\construction-backend-updated\node_modules\mongodb\lib\cursor\find_cursor.js:62:26)
    at async FindCursor.cursorInit (D:\construction-backend-V-1\construction-backend-updated\node_modules\mongodb\lib\cursor\abstract_cursor.js:632:27)
    at async FindCursor.fetchBatch (D:\construction-backend-V-1\construction-backend-updated\node_modules\mongodb\lib\cursor\abstract_cursor.js:666:13)
    at async FindCursor.next (D:\construction-backend-V-1\construction-backend-updated\node_modules\mongodb\lib\cursor\abstract_cursor.js:342:17)
    at async Collection.findOne (D:\construction-backend-V-1\construction-backend-updated\node_modules\mongodb\lib\collection.js:313:24)
    at async model.Query._findOne (D:\construction-backend-V-1\construction-backend-updated\node_modules\mongoose\lib\query.js:2710:15)
    at async model.Query.exec (D:\construction-backend-V-1\construction-backend-updated\node_modules\mongoose\lib\query.js:4627:63)
2026-06-25 22:12:25 [[31merror[39m]: 7C460000:error:0A000438:SSL routines:ssl3_read_bytes:tlsv1 alert internal error:c:\ws\deps\openssl\openssl\ssl\record\rec_layer_s3.c:1605:SSL alert number 80
 7C460000:error:0A000438:SSL routines:ssl3_read_bytes:tlsv1 alert internal error:c:\ws\deps\openssl\openssl\ssl\record\rec_layer_s3.c:1605:SSL alert number 80

MongoServerSelectionError: 7C460000:error:0A000438:SSL routines:ssl3_read_bytes:tlsv1 alert internal error:c:\ws\deps\openssl\openssl\ssl\record\rec_layer_s3.c:1605:SSL alert number 80

    at Topology.selectServer (D:\construction-backend-V-1\construction-backend-updated\node_modules\mongodb\lib\sdam\topology.js:327:38)
    at async tryOperation (D:\construction-backend-V-1\construction-backend-updated\node_modules\mongodb\lib\operations\execute_operation.js:148:18)
    at async executeOperation (D:\construction-backend-V-1\construction-backend-updated\node_modules\mongodb\lib\operations\execute_operation.js:78:16)
    at async FindCursor._initialize (D:\construction-backend-V-1\construction-backend-updated\node_modules\mongodb\lib\cursor\find_cursor.js:62:26)
    at async FindCursor.cursorInit (D:\construction-backend-V-1\construction-backend-updated\node_modules\mongodb\lib\cursor\abstract_cursor.js:632:27)
    at async FindCursor.fetchBatch (D:\construction-backend-V-1\construction-backend-updated\node_modules\mongodb\lib\cursor\abstract_cursor.js:666:13)
    at async FindCursor.next (D:\construction-backend-V-1\construction-backend-updated\node_modules\mongodb\lib\cursor\abstract_cursor.js:342:17)
    at async Collection.findOne (D:\construction-backend-V-1\construction-backend-updated\node_modules\mongodb\lib\collection.js:313:24)
    at async model.Query._findOne (D:\construction-backend-V-1\construction-backend-updated\node_modules\mongoose\lib\query.js:2710:15)
    at async model.Query.exec (D:\construction-backend-V-1\construction-backend-updated\node_modules\mongoose\lib\query.js:4627:63)
2026-06-25 22:12:26 [[31merror[39m]: 7C460000:error:0A000438:SSL routines:ssl3_read_bytes:tlsv1 alert internal error:c:\ws\deps\openssl\openssl\ssl\record\rec_layer_s3.c:1605:SSL alert number 80
 7C460000:error:0A000438:SSL routines:ssl3_read_bytes:tlsv1 alert internal error:c:\ws\deps\openssl\openssl\ssl\record\rec_layer_s3.c:1605:SSL alert number 80

MongoServerSelectionError: 7C460000:error:0A000438:SSL routines:ssl3_read_bytes:tlsv1 alert internal error:c:\ws\deps\openssl\openssl\ssl\record\rec_layer_s3.c:1605:SSL alert number 80

    at Topology.selectServer (D:\construction-backend-V-1\construction-backend-updated\node_modules\mongodb\lib\sdam\topology.js:327:38)
    at runNextTicks (node:internal/process/task_queues:65:5)
    at listOnTimeout (node:internal/timers:555:9)
    at process.processTimers (node:internal/timers:529:7)
    at async tryOperation (D:\construction-backend-V-1\construction-backend-updated\node_modules\mongodb\lib\operations\execute_operation.js:148:18)
    at async executeOperation (D:\construction-backend-V-1\construction-backend-updated\node_modules\mongodb\lib\operations\execute_operation.js:78:16)
    at async FindCursor._initialize (D:\construction-backend-V-1\construction-backend-updated\node_modules\mongodb\lib\cursor\find_cursor.js:62:26)
    at async FindCursor.cursorInit (D:\construction-backend-V-1\construction-backend-updated\node_modules\mongodb\lib\cursor\abstract_cursor.js:632:27)
    at async FindCursor.fetchBatch (D:\construction-backend-V-1\construction-backend-updated\node_modules\mongodb\lib\cursor\abstract_cursor.js:666:13)
    at async FindCursor.next (D:\construction-backend-V-1\construction-backend-updated\node_modules\mongodb\lib\cursor\abstract_cursor.js:342:17)
2026-06-25 22:12:26 [[31merror[39m]: 7C460000:error:0A000438:SSL routines:ssl3_read_bytes:tlsv1 alert internal error:c:\ws\deps\openssl\openssl\ssl\record\rec_layer_s3.c:1605:SSL alert number 80
 7C460000:error:0A000438:SSL routines:ssl3_read_bytes:tlsv1 alert internal error:c:\ws\deps\openssl\openssl\ssl\record\rec_layer_s3.c:1605:SSL alert number 80

MongoServerSelectionError: 7C460000:error:0A000438:SSL routines:ssl3_read_bytes:tlsv1 alert internal error:c:\ws\deps\openssl\openssl\ssl\record\rec_layer_s3.c:1605:SSL alert number 80

    at Topology.selectServer (D:\construction-backend-V-1\construction-backend-updated\node_modules\mongodb\lib\sdam\topology.js:327:38)
    at runNextTicks (node:internal/process/task_queues:65:5)
    at listOnTimeout (node:internal/timers:555:9)
    at process.processTimers (node:internal/timers:529:7)
    at async tryOperation (D:\construction-backend-V-1\construction-backend-updated\node_modules\mongodb\lib\operations\execute_operation.js:148:18)
    at async executeOperation (D:\construction-backend-V-1\construction-backend-updated\node_modules\mongodb\lib\operations\execute_operation.js:78:16)
    at async FindCursor._initialize (D:\construction-backend-V-1\construction-backend-updated\node_modules\mongodb\lib\cursor\find_cursor.js:62:26)
    at async FindCursor.cursorInit (D:\construction-backend-V-1\construction-backend-updated\node_modules\mongodb\lib\cursor\abstract_cursor.js:632:27)
    at async FindCursor.fetchBatch (D:\construction-backend-V-1\construction-backend-updated\node_modules\mongodb\lib\cursor\abstract_cursor.js:666:13)
    at async FindCursor.next (D:\construction-backend-V-1\construction-backend-updated\node_modules\mongodb\lib\cursor\abstract_cursor.js:342:17)
2026-06-25 22:12:26 [[31merror[39m]: 7C460000:error:0A000438:SSL routines:ssl3_read_bytes:tlsv1 alert internal error:c:\ws\deps\openssl\openssl\ssl\record\rec_layer_s3.c:1605:SSL alert number 80
 7C460000:error:0A000438:SSL routines:ssl3_read_bytes:tlsv1 alert internal error:c:\ws\deps\openssl\openssl\ssl\record\rec_layer_s3.c:1605:SSL alert number 80

MongoServerSelectionError: 7C460000:error:0A000438:SSL routines:ssl3_read_bytes:tlsv1 alert internal error:c:\ws\deps\openssl\openssl\ssl\record\rec_layer_s3.c:1605:SSL alert number 80

    at Topology.selectServer (D:\construction-backend-V-1\construction-backend-updated\node_modules\mongodb\lib\sdam\topology.js:327:38)
    at async tryOperation (D:\construction-backend-V-1\construction-backend-updated\node_modules\mongodb\lib\operations\execute_operation.js:148:18)
    at async executeOperation (D:\construction-backend-V-1\construction-backend-updated\node_modules\mongodb\lib\operations\execute_operation.js:78:16)
    at async FindCursor._initialize (D:\construction-backend-V-1\construction-backend-updated\node_modules\mongodb\lib\cursor\find_cursor.js:62:26)
    at async FindCursor.cursorInit (D:\construction-backend-V-1\construction-backend-updated\node_modules\mongodb\lib\cursor\abstract_cursor.js:632:27)
    at async FindCursor.fetchBatch (D:\construction-backend-V-1\construction-backend-updated\node_modules\mongodb\lib\cursor\abstract_cursor.js:666:13)
    at async FindCursor.next (D:\construction-backend-V-1\construction-backend-updated\node_modules\mongodb\lib\cursor\abstract_cursor.js:342:17)
    at async Collection.findOne (D:\construction-backend-V-1\construction-backend-updated\node_modules\mongodb\lib\collection.js:313:24)
    at async model.Query._findOne (D:\construction-backend-V-1\construction-backend-updated\node_modules\mongoose\lib\query.js:2710:15)
    at async model.Query.exec (D:\construction-backend-V-1\construction-backend-updated\node_modules\mongoose\lib\query.js:4627:63)
2026-06-25 22:13:47 [[31merror[39m]: 7C460000:error:0A000438:SSL routines:ssl3_read_bytes:tlsv1 alert internal error:c:\ws\deps\openssl\openssl\ssl\record\rec_layer_s3.c:1605:SSL alert number 80
 7C460000:error:0A000438:SSL routines:ssl3_read_bytes:tlsv1 alert internal error:c:\ws\deps\openssl\openssl\ssl\record\rec_layer_s3.c:1605:SSL alert number 80

MongoServerSelectionError: 7C460000:error:0A000438:SSL routines:ssl3_read_bytes:tlsv1 alert internal error:c:\ws\deps\openssl\openssl\ssl\record\rec_layer_s3.c:1605:SSL alert number 80

    at Topology.selectServer (D:\construction-backend-V-1\construction-backend-updated\node_modules\mongodb\lib\sdam\topology.js:327:38)
    at async tryOperation (D:\construction-backend-V-1\construction-backend-updated\node_modules\mongodb\lib\operations\execute_operation.js:148:18)
    at async executeOperation (D:\construction-backend-V-1\construction-backend-updated\node_modules\mongodb\lib\operations\execute_operation.js:78:16)
    at async FindCursor._initialize (D:\construction-backend-V-1\construction-backend-updated\node_modules\mongodb\lib\cursor\find_cursor.js:62:26)
    at async FindCursor.cursorInit (D:\construction-backend-V-1\construction-backend-updated\node_modules\mongodb\lib\cursor\abstract_cursor.js:632:27)
    at async FindCursor.fetchBatch (D:\construction-backend-V-1\construction-backend-updated\node_modules\mongodb\lib\cursor\abstract_cursor.js:666:13)
    at async FindCursor.next (D:\construction-backend-V-1\construction-backend-updated\node_modules\mongodb\lib\cursor\abstract_cursor.js:342:17)
    at async Collection.findOne (D:\construction-backend-V-1\construction-backend-updated\node_modules\mongodb\lib\collection.js:313:24)
    at async model.Query._findOne (D:\construction-backend-V-1\construction-backend-updated\node_modules\mongoose\lib\query.js:2710:15)
    at async model.Query.exec (D:\construction-backend-V-1\construction-backend-updated\node_modules\mongoose\lib\query.js:4627:63)
2026-06-25 22:13:47 [[31merror[39m]: 7C460000:error:0A000438:SSL routines:ssl3_read_bytes:tlsv1 alert internal error:c:\ws\deps\openssl\openssl\ssl\record\rec_layer_s3.c:1605:SSL alert number 80
 7C460000:error:0A000438:SSL routines:ssl3_read_bytes:tlsv1 alert internal error:c:\ws\deps\openssl\openssl\ssl\record\rec_layer_s3.c:1605:SSL alert number 80

MongoServerSelectionError: 7C460000:error:0A000438:SSL routines:ssl3_read_bytes:tlsv1 alert internal error:c:\ws\deps\openssl\openssl\ssl\record\rec_layer_s3.c:1605:SSL alert number 80

    at Topology.selectServer (D:\construction-backend-V-1\construction-backend-updated\node_modules\mongodb\lib\sdam\topology.js:327:38)
    at runNextTicks (node:internal/process/task_queues:65:5)
    at listOnTimeout (node:internal/timers:555:9)
    at process.processTimers (node:internal/timers:529:7)
    at async tryOperation (D:\construction-backend-V-1\construction-backend-updated\node_modules\mongodb\lib\operations\execute_operation.js:148:18)
    at async executeOperation (D:\construction-backend-V-1\construction-backend-updated\node_modules\mongodb\lib\operations\execute_operation.js:78:16)
    at async FindCursor._initialize (D:\construction-backend-V-1\construction-backend-updated\node_modules\mongodb\lib\cursor\find_cursor.js:62:26)
    at async FindCursor.cursorInit (D:\construction-backend-V-1\construction-backend-updated\node_modules\mongodb\lib\cursor\abstract_cursor.js:632:27)
    at async FindCursor.fetchBatch (D:\construction-backend-V-1\construction-backend-updated\node_modules\mongodb\lib\cursor\abstract_cursor.js:666:13)
    at async FindCursor.next (D:\construction-backend-V-1\construction-backend-updated\node_modules\mongodb\lib\cursor\abstract_cursor.js:342:17)
2026-06-25 22:13:47 [[31merror[39m]: 7C460000:error:0A000438:SSL routines:ssl3_read_bytes:tlsv1 alert internal error:c:\ws\deps\openssl\openssl\ssl\record\rec_layer_s3.c:1605:SSL alert number 80
 7C460000:error:0A000438:SSL routines:ssl3_read_bytes:tlsv1 alert internal error:c:\ws\deps\openssl\openssl\ssl\record\rec_layer_s3.c:1605:SSL alert number 80

MongoServerSelectionError: 7C460000:error:0A000438:SSL routines:ssl3_read_bytes:tlsv1 alert internal error:c:\ws\deps\openssl\openssl\ssl\record\rec_layer_s3.c:1605:SSL alert number 80

    at Topology.selectServer (D:\construction-backend-V-1\construction-backend-updated\node_modules\mongodb\lib\sdam\topology.js:327:38)
    at async tryOperation (D:\construction-backend-V-1\construction-backend-updated\node_modules\mongodb\lib\operations\execute_operation.js:148:18)
    at async executeOperation (D:\construction-backend-V-1\construction-backend-updated\node_modules\mongodb\lib\operations\execute_operation.js:78:16)
    at async FindCursor._initialize (D:\construction-backend-V-1\construction-backend-updated\node_modules\mongodb\lib\cursor\find_cursor.js:62:26)
    at async FindCursor.cursorInit (D:\construction-backend-V-1\construction-backend-updated\node_modules\mongodb\lib\cursor\abstract_cursor.js:632:27)
    at async FindCursor.fetchBatch (D:\construction-backend-V-1\construction-backend-updated\node_modules\mongodb\lib\cursor\abstract_cursor.js:666:13)
    at async FindCursor.next (D:\construction-backend-V-1\construction-backend-updated\node_modules\mongodb\lib\cursor\abstract_cursor.js:342:17)
    at async Collection.findOne (D:\construction-backend-V-1\construction-backend-updated\node_modules\mongodb\lib\collection.js:313:24)
    at async model.Query._findOne (D:\construction-backend-V-1\construction-backend-updated\node_modules\mongoose\lib\query.js:2710:15)
    at async model.Query.exec (D:\construction-backend-V-1\construction-backend-updated\node_modules\mongoose\lib\query.js:4627:63)
2026-06-25 22:18:28 [[31merror[39m]: 7C460000:error:0A000438:SSL routines:ssl3_read_bytes:tlsv1 alert internal error:c:\ws\deps\openssl\openssl\ssl\record\rec_layer_s3.c:1605:SSL alert number 80
 7C460000:error:0A000438:SSL routines:ssl3_read_bytes:tlsv1 alert internal error:c:\ws\deps\openssl\openssl\ssl\record\rec_layer_s3.c:1605:SSL alert number 80

MongoServerSelectionError: 7C460000:error:0A000438:SSL routines:ssl3_read_bytes:tlsv1 alert internal error:c:\ws\deps\openssl\openssl\ssl\record\rec_layer_s3.c:1605:SSL alert number 80

    at Topology.selectServer (D:\construction-backend-V-1\construction-backend-updated\node_modules\mongodb\lib\sdam\topology.js:327:38)
    at async tryOperation (D:\construction-backend-V-1\construction-backend-updated\node_modules\mongodb\lib\operations\execute_operation.js:148:18)
    at async executeOperation (D:\construction-backend-V-1\construction-backend-updated\node_modules\mongodb\lib\operations\execute_operation.js:78:16)
    at async FindCursor._initialize (D:\construction-backend-V-1\construction-backend-updated\node_modules\mongodb\lib\cursor\find_cursor.js:62:26)
    at async FindCursor.cursorInit (D:\construction-backend-V-1\construction-backend-updated\node_modules\mongodb\lib\cursor\abstract_cursor.js:632:27)
    at async FindCursor.fetchBatch (D:\construction-backend-V-1\construction-backend-updated\node_modules\mongodb\lib\cursor\abstract_cursor.js:666:13)
    at async FindCursor.next (D:\construction-backend-V-1\construction-backend-updated\node_modules\mongodb\lib\cursor\abstract_cursor.js:342:17)
    at async Collection.findOne (D:\construction-backend-V-1\construction-backend-updated\node_modules\mongodb\lib\collection.js:313:24)
    at async model.Query._findOne (D:\construction-backend-V-1\construction-backend-updated\node_modules\mongoose\lib\query.js:2710:15)
    at async model.Query.exec (D:\construction-backend-V-1\construction-backend-updated\node_modules\mongoose\lib\query.js:4627:63)
2026-06-25 22:18:28 [[31merror[39m]: 7C460000:error:0A000438:SSL routines:ssl3_read_bytes:tlsv1 alert internal error:c:\ws\deps\openssl\openssl\ssl\record\rec_layer_s3.c:1605:SSL alert number 80
 7C460000:error:0A000438:SSL routines:ssl3_read_bytes:tlsv1 alert internal error:c:\ws\deps\openssl\openssl\ssl\record\rec_layer_s3.c:1605:SSL alert number 80

MongoServerSelectionError: 7C460000:error:0A000438:SSL routines:ssl3_read_bytes:tlsv1 alert internal error:c:\ws\deps\openssl\openssl\ssl\record\rec_layer_s3.c:1605:SSL alert number 80

    at Topology.selectServer (D:\construction-backend-V-1\construction-backend-updated\node_modules\mongodb\lib\sdam\topology.js:327:38)
    at runNextTicks (node:internal/process/task_queues:65:5)
    at listOnTimeout (node:internal/timers:555:9)
    at process.processTimers (node:internal/timers:529:7)
    at async tryOperation (D:\construction-backend-V-1\construction-backend-updated\node_modules\mongodb\lib\operations\execute_operation.js:148:18)
    at async executeOperation (D:\construction-backend-V-1\construction-backend-updated\node_modules\mongodb\lib\operations\execute_operation.js:78:16)
    at async FindCursor._initialize (D:\construction-backend-V-1\construction-backend-updated\node_modules\mongodb\lib\cursor\find_cursor.js:62:26)
    at async FindCursor.cursorInit (D:\construction-backend-V-1\construction-backend-updated\node_modules\mongodb\lib\cursor\abstract_cursor.js:632:27)
    at async FindCursor.fetchBatch (D:\construction-backend-V-1\construction-backend-updated\node_modules\mongodb\lib\cursor\abstract_cursor.js:666:13)
    at async FindCursor.next (D:\construction-backend-V-1\construction-backend-updated\node_modules\mongodb\lib\cursor\abstract_cursor.js:342:17)
2026-06-25 22:18:28 [[31merror[39m]: 7C460000:error:0A000438:SSL routines:ssl3_read_bytes:tlsv1 alert internal error:c:\ws\deps\openssl\openssl\ssl\record\rec_layer_s3.c:1605:SSL alert number 80
 7C460000:error:0A000438:SSL routines:ssl3_read_bytes:tlsv1 alert internal error:c:\ws\deps\openssl\openssl\ssl\record\rec_layer_s3.c:1605:SSL alert number 80

MongoServerSelectionError: 7C460000:error:0A000438:SSL routines:ssl3_read_bytes:tlsv1 alert internal error:c:\ws\deps\openssl\openssl\ssl\record\rec_layer_s3.c:1605:SSL alert number 80

    at Topology.selectServer (D:\construction-backend-V-1\construction-backend-updated\node_modules\mongodb\lib\sdam\topology.js:327:38)
    at async tryOperation (D:\construction-backend-V-1\construction-backend-updated\node_modules\mongodb\lib\operations\execute_operation.js:148:18)
    at async executeOperation (D:\construction-backend-V-1\construction-backend-updated\node_modules\mongodb\lib\operations\execute_operation.js:78:16)
    at async FindCursor._initialize (D:\construction-backend-V-1\construction-backend-updated\node_modules\mongodb\lib\cursor\find_cursor.js:62:26)
    at async FindCursor.cursorInit (D:\construction-backend-V-1\construction-backend-updated\node_modules\mongodb\lib\cursor\abstract_cursor.js:632:27)
    at async FindCursor.fetchBatch (D:\construction-backend-V-1\construction-backend-updated\node_modules\mongodb\lib\cursor\abstract_cursor.js:666:13)
    at async FindCursor.next (D:\construction-backend-V-1\construction-backend-updated\node_modules\mongodb\lib\cursor\abstract_cursor.js:342:17)
    at async Collection.findOne (D:\construction-backend-V-1\construction-backend-updated\node_modules\mongodb\lib\collection.js:313:24)
    at async model.Query._findOne (D:\construction-backend-V-1\construction-backend-updated\node_modules\mongoose\lib\query.js:2710:15)
    at async model.Query.exec (D:\construction-backend-V-1\construction-backend-updated\node_modules\mongoose\lib\query.js:4627:63)
2026-06-25 22:18:54 [[31merror[39m]: MongoDB connection error: Could not connect to any servers in your MongoDB Atlas cluster. One common reason is that you're trying to access the database from an IP that isn't whitelisted. Make sure your current IP address is on your Atlas cluster's IP whitelist: https://www.mongodb.com/docs/atlas/security-whitelist/
2026-06-25 22:20:02 [[31merror[39m]: MongoDB connection error: 8C4E0000:error:0A000438:SSL routines:ssl3_read_bytes:tlsv1 alert internal error:c:\ws\deps\openssl\openssl\ssl\record\rec_layer_s3.c:1605:SSL alert number 80

2026-06-25 22:22:34 [[31merror[39m]: MongoDB connection error: 603A0000:error:0A000438:SSL routines:ssl3_read_bytes:tlsv1 alert internal error:c:\ws\deps\openssl\openssl\ssl\record\rec_layer_s3.c:1605:SSL alert number 80

2026-06-25 22:23:57 [[31merror[39m]: MongoDB connection error: 443D0000:error:0A000438:SSL routines:ssl3_read_bytes:tlsv1 alert internal error:c:\ws\deps\openssl\openssl\ssl\record\rec_layer_s3.c:1605:SSL alert number 80

2026-06-25 22:24:22 [[31merror[39m]: MongoDB connection error: 38340000:error:0A000438:SSL routines:ssl3_read_bytes:tlsv1 alert internal error:c:\ws\deps\openssl\openssl\ssl\record\rec_layer_s3.c:1605:SSL alert number 80

2026-06-25 22:24:58 [[31merror[39m]: MongoDB connection error: E4220000:error:0A000438:SSL routines:ssl3_read_bytes:tlsv1 alert internal error:c:\ws\deps\openssl\openssl\ssl\record\rec_layer_s3.c:1605:SSL alert number 80

2026-06-25 22:25:34 [[31merror[39m]: MongoDB connection error: 80130000:error:0A000438:SSL routines:ssl3_read_bytes:tlsv1 alert internal error:c:\ws\deps\openssl\openssl\ssl\record\rec_layer_s3.c:1605:SSL alert number 80

2026-06-25 22:26:12 [[31merror[39m]: MongoDB connection error: E4590000:error:0A000438:SSL routines:ssl3_read_bytes:tlsv1 alert internal error:c:\ws\deps\openssl\openssl\ssl\record\rec_layer_s3.c:1605:SSL alert number 80

2026-06-25 22:26:48 [[31merror[39m]: MongoDB connection error: 64280000:error:0A000438:SSL routines:ssl3_read_bytes:tlsv1 alert internal error:c:\ws\deps\openssl\openssl\ssl\record\rec_layer_s3.c:1605:SSL alert number 80

2026-06-25 22:28:55 [[32minfo[39m]: MongoDB connected: ac-txgfmyu-shard-00-02.4bjwysu.mongodb.net
2026-06-25 22:28:55 [[32minfo[39m]: Server running in development mode on port 5000
2026-06-27 21:42:02 [[31merror[39m]: MongoDB connection error: Could not connect to any servers in your MongoDB Atlas cluster. One common reason is that you're trying to access the database from an IP that isn't whitelisted. Make sure your current IP address is on your Atlas cluster's IP whitelist: https://www.mongodb.com/docs/atlas/security-whitelist/
2026-06-27 21:42:52 [[31merror[39m]: MongoDB connection error: 44180000:error:0A000438:SSL routines:ssl3_read_bytes:tlsv1 alert internal error:c:\ws\deps\openssl\openssl\ssl\record\rec_layer_s3.c:1605:SSL alert number 80

2026-06-27 21:43:10 [[31merror[39m]: MongoDB connection error: F8430000:error:0A000438:SSL routines:ssl3_read_bytes:tlsv1 alert internal error:c:\ws\deps\openssl\openssl\ssl\record\rec_layer_s3.c:1605:SSL alert number 80

2026-06-27 21:44:11 [[31merror[39m]: MongoDB connection error: 00460000:error:0A000438:SSL routines:ssl3_read_bytes:tlsv1 alert internal error:c:\ws\deps\openssl\openssl\ssl\record\rec_layer_s3.c:1605:SSL alert number 80

2026-06-27 21:47:33 [[31merror[39m]: MongoDB connection error: 840E0000:error:0A000438:SSL routines:ssl3_read_bytes:tlsv1 alert internal error:c:\ws\deps\openssl\openssl\ssl\record\rec_layer_s3.c:1605:SSL alert number 80

2026-06-27 21:54:36 [[32minfo[39m]: MongoDB connected: ac-txgfmyu-shard-00-02.4bjwysu.mongodb.net
2026-06-27 21:54:36 [[32minfo[39m]: Server running in development mode on port 5000
2026-06-28 22:04:14 [[32minfo[39m]: MongoDB connected: ac-txgfmyu-shard-00-00.4bjwysu.mongodb.net
2026-06-28 22:04:14 [[32minfo[39m]: Server running in development mode on port 5000
2026-08-06 11:15:23 [[32minfo[39m]: MongoDB connected: ac-txgfmyu-shard-00-01.4bjwysu.mongodb.net
2026-08-06 11:15:23 [[32minfo[39m]: Server running in development mode on port 5000
2026-08-07 08:52:12 [[32minfo[39m]: MongoDB connected: ac-txgfmyu-shard-00-02.4bjwysu.mongodb.net
2026-08-07 08:52:12 [[32minfo[39m]: Server running in development mode on port 5000
2026-08-07 21:37:19 [[32minfo[39m]: MongoDB connected: ac-txgfmyu-shard-00-00.4bjwysu.mongodb.net
2026-08-07 21:37:19 [[32minfo[39m]: Server running in development mode on port 5000
2026-08-08 12:23:50 [[32minfo[39m]: MongoDB connected: ac-txgfmyu-shard-00-00.4bjwysu.mongodb.net
2026-08-08 12:23:50 [[32minfo[39m]: Server running in development mode on port 5000
2026-08-08 20:36:00 [[32minfo[39m]: MongoDB connected: ac-txgfmyu-shard-00-01.4bjwysu.mongodb.net
2026-08-08 20:36:00 [[32minfo[39m]: Server running in development mode on port 5000
2026-08-09 06:45:45 [[32minfo[39m]: MongoDB connected: ac-txgfmyu-shard-00-01.4bjwysu.mongodb.net
2026-08-09 06:45:45 [[32minfo[39m]: Server running in development mode on port 5000
2026-08-09 07:09:50 [[31merror[39m]: E11000 duplicate key error collection: construction_db.categories index: name_1 dup key: { name: "ក្បាលសាច" } E11000 duplicate key error collection: construction_db.categories index: name_1 dup key: { name: "ក្បាលសាច" }
MongoServerError: E11000 duplicate key error collection: construction_db.categories index: name_1 dup key: { name: "ក្បាលសាច" }
    at InsertOneOperation.handleOk (D:\construction-backend-V-1\construction-backend-updated\node_modules\mongodb\lib\operations\insert.js:51:19)
    at tryOperation (D:\construction-backend-V-1\construction-backend-updated\node_modules\mongodb\lib\operations\execute_operation.js:214:34)
    at process.processTicksAndRejections (node:internal/process/task_queues:105:5)
    at async executeOperation (D:\construction-backend-V-1\construction-backend-updated\node_modules\mongodb\lib\operations\execute_operation.js:78:16)
    at async Collection.insertOne (D:\construction-backend-V-1\construction-backend-updated\node_modules\mongodb\lib\collection.js:154:16)
2026-08-09 08:18:57 [[32minfo[39m]: MongoDB connected: ac-txgfmyu-shard-00-01.4bjwysu.mongodb.net
2026-08-09 08:18:57 [[32minfo[39m]: Server running in development mode on port 5000
2026-08-09 10:03:16 [[31merror[39m]: Plan executor error during findAndModify :: caused by :: E11000 duplicate key error collection: construction_db.productvariants index: productId_1_brand_1_unit_1_unitValue_1 dup key: { productId: ObjectId('02d1034539a70366c12fb152'), brand: "ត្រចៀកឡាន ធំ", unit: "piece", unitValue: 1 } Plan executor error during findAndModify :: caused by :: E11000 duplicate key error collection: construction_db.productvariants index: productId_1_brand_1_unit_1_unitValue_1 dup key: { productId: ObjectId('02d1034539a70366c12fb152'), brand: "ត្រចៀកឡាន ធំ", unit: "piece", unitValue: 1 }
MongoServerError: Plan executor error during findAndModify :: caused by :: E11000 duplicate key error collection: construction_db.productvariants index: productId_1_brand_1_unit_1_unitValue_1 dup key: { productId: ObjectId('02d1034539a70366c12fb152'), brand: "ត្រចៀកឡាន ធំ", unit: "piece", unitValue: 1 }
    at Connection.sendCommand (D:\construction-backend-V-1\construction-backend-updated\node_modules\mongodb\lib\cmap\connection.js:306:27)
    at process.processTicksAndRejections (node:internal/process/task_queues:105:5)
    at async Connection.command (D:\construction-backend-V-1\construction-backend-updated\node_modules\mongodb\lib\cmap\connection.js:334:26)
    at async Server.command (D:\construction-backend-V-1\construction-backend-updated\node_modules\mongodb\lib\sdam\server.js:194:29)
    at async tryOperation (D:\construction-backend-V-1\construction-backend-updated\node_modules\mongodb\lib\operations\execute_operation.js:213:32)
    at async executeOperation (D:\construction-backend-V-1\construction-backend-updated\node_modules\mongodb\lib\operations\execute_operation.js:78:16)
    at async Collection.findOneAndUpdate (D:\construction-backend-V-1\construction-backend-updated\node_modules\mongodb\lib\collection.js:544:16)
    at async model.Query._findOneAndUpdate (D:\construction-backend-V-1\construction-backend-updated\node_modules\mongoose\lib\query.js:3536:13)
    at async model.Query.exec (D:\construction-backend-V-1\construction-backend-updated\node_modules\mongoose\lib\query.js:4627:63)
    at async updateVariant (file:///D:/construction-backend-V-1/construction-backend-updated/src/controllers/variant.controller.js:51:21)
2026-08-09 10:04:16 [[31merror[39m]: Plan executor error during findAndModify :: caused by :: E11000 duplicate key error collection: construction_db.productvariants index: productId_1_brand_1_unit_1_unitValue_1 dup key: { productId: ObjectId('02d1034539a70366c12fb152'), brand: "ត្រចៀកឡាន ធំ", unit: "piece", unitValue: 1 } Plan executor error during findAndModify :: caused by :: E11000 duplicate key error collection: construction_db.productvariants index: productId_1_brand_1_unit_1_unitValue_1 dup key: { productId: ObjectId('02d1034539a70366c12fb152'), brand: "ត្រចៀកឡាន ធំ", unit: "piece", unitValue: 1 }
MongoServerError: Plan executor error during findAndModify :: caused by :: E11000 duplicate key error collection: construction_db.productvariants index: productId_1_brand_1_unit_1_unitValue_1 dup key: { productId: ObjectId('02d1034539a70366c12fb152'), brand: "ត្រចៀកឡាន ធំ", unit: "piece", unitValue: 1 }
    at Connection.sendCommand (D:\construction-backend-V-1\construction-backend-updated\node_modules\mongodb\lib\cmap\connection.js:306:27)
    at process.processTicksAndRejections (node:internal/process/task_queues:105:5)
    at async Connection.command (D:\construction-backend-V-1\construction-backend-updated\node_modules\mongodb\lib\cmap\connection.js:334:26)
    at async Server.command (D:\construction-backend-V-1\construction-backend-updated\node_modules\mongodb\lib\sdam\server.js:194:29)
    at async tryOperation (D:\construction-backend-V-1\construction-backend-updated\node_modules\mongodb\lib\operations\execute_operation.js:213:32)
    at async executeOperation (D:\construction-backend-V-1\construction-backend-updated\node_modules\mongodb\lib\operations\execute_operation.js:78:16)
    at async Collection.findOneAndUpdate (D:\construction-backend-V-1\construction-backend-updated\node_modules\mongodb\lib\collection.js:544:16)
    at async model.Query._findOneAndUpdate (D:\construction-backend-V-1\construction-backend-updated\node_modules\mongoose\lib\query.js:3536:13)
    at async model.Query.exec (D:\construction-backend-V-1\construction-backend-updated\node_modules\mongoose\lib\query.js:4627:63)
    at async updateVariant (file:///D:/construction-backend-V-1/construction-backend-updated/src/controllers/variant.controller.js:51:21)
2026-08-09 10:05:47 [[31merror[39m]: Plan executor error during findAndModify :: caused by :: E11000 duplicate key error collection: construction_db.productvariants index: productId_1_brand_1_unit_1_unitValue_1 dup key: { productId: ObjectId('02d1034539a70366c12fb152'), brand: "ត្រចៀកឡាន ធំ", unit: "piece", unitValue: 1 } Plan executor error during findAndModify :: caused by :: E11000 duplicate key error collection: construction_db.productvariants index: productId_1_brand_1_unit_1_unitValue_1 dup key: { productId: ObjectId('02d1034539a70366c12fb152'), brand: "ត្រចៀកឡាន ធំ", unit: "piece", unitValue: 1 }
MongoServerError: Plan executor error during findAndModify :: caused by :: E11000 duplicate key error collection: construction_db.productvariants index: productId_1_brand_1_unit_1_unitValue_1 dup key: { productId: ObjectId('02d1034539a70366c12fb152'), brand: "ត្រចៀកឡាន ធំ", unit: "piece", unitValue: 1 }
    at Connection.sendCommand (D:\construction-backend-V-1\construction-backend-updated\node_modules\mongodb\lib\cmap\connection.js:306:27)
    at process.processTicksAndRejections (node:internal/process/task_queues:105:5)
    at async Connection.command (D:\construction-backend-V-1\construction-backend-updated\node_modules\mongodb\lib\cmap\connection.js:334:26)
    at async Server.command (D:\construction-backend-V-1\construction-backend-updated\node_modules\mongodb\lib\sdam\server.js:194:29)
    at async tryOperation (D:\construction-backend-V-1\construction-backend-updated\node_modules\mongodb\lib\operations\execute_operation.js:213:32)
    at async executeOperation (D:\construction-backend-V-1\construction-backend-updated\node_modules\mongodb\lib\operations\execute_operation.js:78:16)
    at async Collection.findOneAndUpdate (D:\construction-backend-V-1\construction-backend-updated\node_modules\mongodb\lib\collection.js:544:16)
    at async model.Query._findOneAndUpdate (D:\construction-backend-V-1\construction-backend-updated\node_modules\mongoose\lib\query.js:3536:13)
    at async model.Query.exec (D:\construction-backend-V-1\construction-backend-updated\node_modules\mongoose\lib\query.js:4627:63)
    at async updateVariant (file:///D:/construction-backend-V-1/construction-backend-updated/src/controllers/variant.controller.js:51:21)
2026-08-09 10:10:41 [[31merror[39m]: Plan executor error during findAndModify :: caused by :: E11000 duplicate key error collection: construction_db.productvariants index: productId_1_brand_1_unit_1_unitValue_1 dup key: { productId: ObjectId('8abd8ed7ba1c9660584ae2a4'), brand: "ត្រចៀកមាសតូច ច្រើន", unit: "piece", unitValue: 1 } Plan executor error during findAndModify :: caused by :: E11000 duplicate key error collection: construction_db.productvariants index: productId_1_brand_1_unit_1_unitValue_1 dup key: { productId: ObjectId('8abd8ed7ba1c9660584ae2a4'), brand: "ត្រចៀកមាសតូច ច្រើន", unit: "piece", unitValue: 1 }
MongoServerError: Plan executor error during findAndModify :: caused by :: E11000 duplicate key error collection: construction_db.productvariants index: productId_1_brand_1_unit_1_unitValue_1 dup key: { productId: ObjectId('8abd8ed7ba1c9660584ae2a4'), brand: "ត្រចៀកមាសតូច ច្រើន", unit: "piece", unitValue: 1 }
    at Connection.sendCommand (D:\construction-backend-V-1\construction-backend-updated\node_modules\mongodb\lib\cmap\connection.js:306:27)
    at process.processTicksAndRejections (node:internal/process/task_queues:105:5)
    at async Connection.command (D:\construction-backend-V-1\construction-backend-updated\node_modules\mongodb\lib\cmap\connection.js:334:26)
    at async Server.command (D:\construction-backend-V-1\construction-backend-updated\node_modules\mongodb\lib\sdam\server.js:194:29)
    at async tryOperation (D:\construction-backend-V-1\construction-backend-updated\node_modules\mongodb\lib\operations\execute_operation.js:213:32)
    at async executeOperation (D:\construction-backend-V-1\construction-backend-updated\node_modules\mongodb\lib\operations\execute_operation.js:78:16)
    at async Collection.findOneAndUpdate (D:\construction-backend-V-1\construction-backend-updated\node_modules\mongodb\lib\collection.js:544:16)
    at async model.Query._findOneAndUpdate (D:\construction-backend-V-1\construction-backend-updated\node_modules\mongoose\lib\query.js:3536:13)
    at async model.Query.exec (D:\construction-backend-V-1\construction-backend-updated\node_modules\mongoose\lib\query.js:4627:63)
    at async updateVariant (file:///D:/construction-backend-V-1/construction-backend-updated/src/controllers/variant.controller.js:51:21)
2026-08-09 10:10:55 [[31merror[39m]: Plan executor error during findAndModify :: caused by :: E11000 duplicate key error collection: construction_db.productvariants index: productId_1_brand_1_unit_1_unitValue_1 dup key: { productId: ObjectId('8abd8ed7ba1c9660584ae2a4'), brand: "ត្រចៀកមាសតូច តិច", unit: "piece", unitValue: 1 } Plan executor error during findAndModify :: caused by :: E11000 duplicate key error collection: construction_db.productvariants index: productId_1_brand_1_unit_1_unitValue_1 dup key: { productId: ObjectId('8abd8ed7ba1c9660584ae2a4'), brand: "ត្រចៀកមាសតូច តិច", unit: "piece", unitValue: 1 }
MongoServerError: Plan executor error during findAndModify :: caused by :: E11000 duplicate key error collection: construction_db.productvariants index: productId_1_brand_1_unit_1_unitValue_1 dup key: { productId: ObjectId('8abd8ed7ba1c9660584ae2a4'), brand: "ត្រចៀកមាសតូច តិច", unit: "piece", unitValue: 1 }
    at Connection.sendCommand (D:\construction-backend-V-1\construction-backend-updated\node_modules\mongodb\lib\cmap\connection.js:306:27)
    at process.processTicksAndRejections (node:internal/process/task_queues:105:5)
    at async Connection.command (D:\construction-backend-V-1\construction-backend-updated\node_modules\mongodb\lib\cmap\connection.js:334:26)
    at async Server.command (D:\construction-backend-V-1\construction-backend-updated\node_modules\mongodb\lib\sdam\server.js:194:29)
    at async tryOperation (D:\construction-backend-V-1\construction-backend-updated\node_modules\mongodb\lib\operations\execute_operation.js:213:32)
    at async executeOperation (D:\construction-backend-V-1\construction-backend-updated\node_modules\mongodb\lib\operations\execute_operation.js:78:16)
    at async Collection.findOneAndUpdate (D:\construction-backend-V-1\construction-backend-updated\node_modules\mongodb\lib\collection.js:544:16)
    at async model.Query._findOneAndUpdate (D:\construction-backend-V-1\construction-backend-updated\node_modules\mongoose\lib\query.js:3536:13)
    at async model.Query.exec (D:\construction-backend-V-1\construction-backend-updated\node_modules\mongoose\lib\query.js:4627:63)
    at async updateVariant (file:///D:/construction-backend-V-1/construction-backend-updated/src/controllers/variant.controller.js:51:21)
2026-08-09 10:13:59 [[31merror[39m]: Plan executor error during findAndModify :: caused by :: E11000 duplicate key error collection: construction_db.productvariants index: productId_1_brand_1_unit_1_unitValue_1 dup key: { productId: ObjectId('3cbd1926bc1ed3646febfedf'), brand: "ត្រចៀកក្រាសវែង", unit: "piece", unitValue: 1 } Plan executor error during findAndModify :: caused by :: E11000 duplicate key error collection: construction_db.productvariants index: productId_1_brand_1_unit_1_unitValue_1 dup key: { productId: ObjectId('3cbd1926bc1ed3646febfedf'), brand: "ត្រចៀកក្រាសវែង", unit: "piece", unitValue: 1 }
MongoServerError: Plan executor error during findAndModify :: caused by :: E11000 duplicate key error collection: construction_db.productvariants index: productId_1_brand_1_unit_1_unitValue_1 dup key: { productId: ObjectId('3cbd1926bc1ed3646febfedf'), brand: "ត្រចៀកក្រាសវែង", unit: "piece", unitValue: 1 }
    at Connection.sendCommand (D:\construction-backend-V-1\construction-backend-updated\node_modules\mongodb\lib\cmap\connection.js:306:27)
    at process.processTicksAndRejections (node:internal/process/task_queues:105:5)
    at async Connection.command (D:\construction-backend-V-1\construction-backend-updated\node_modules\mongodb\lib\cmap\connection.js:334:26)
    at async Server.command (D:\construction-backend-V-1\construction-backend-updated\node_modules\mongodb\lib\sdam\server.js:194:29)
    at async tryOperation (D:\construction-backend-V-1\construction-backend-updated\node_modules\mongodb\lib\operations\execute_operation.js:213:32)
    at async executeOperation (D:\construction-backend-V-1\construction-backend-updated\node_modules\mongodb\lib\operations\execute_operation.js:78:16)
    at async Collection.findOneAndUpdate (D:\construction-backend-V-1\construction-backend-updated\node_modules\mongodb\lib\collection.js:544:16)
    at async model.Query._findOneAndUpdate (D:\construction-backend-V-1\construction-backend-updated\node_modules\mongoose\lib\query.js:3536:13)
    at async model.Query.exec (D:\construction-backend-V-1\construction-backend-updated\node_modules\mongoose\lib\query.js:4627:63)
    at async updateVariant (file:///D:/construction-backend-V-1/construction-backend-updated/src/controllers/variant.controller.js:51:21)
2026-08-09 13:18:47 [[32minfo[39m]: MongoDB connected: ac-txgfmyu-shard-00-01.4bjwysu.mongodb.net
2026-08-09 13:18:47 [[32minfo[39m]: Server running in development mode on port 5000
2026-09-01 13:04:00 [[32minfo[39m]: MongoDB connected: ac-txgfmyu-shard-00-02.4bjwysu.mongodb.net
2026-09-01 13:04:00 [[32minfo[39m]: Server running in development mode on port 5000
